HEP Code,Higher Education Provider,Year,State/Territory,Cohort,Doctorate by Research,Masters by Research
3006,Australian Catholic University,2024,OTHER,non-aligned,40,<5
2252,Avondale University ,2024,NSW,non-aligned,6,<5
2246,Batchelor Institute of Indigenous Tertiary Education,2024,NT,non-aligned,<5,<5
3003,Bond University ,2024,QLD,non-aligned,38,6
2200,Central Queensland University,2024,QLD,RUN,50,22
3001,Charles Darwin University,2024,NT,non-aligned,51,<5
3005,Charles Sturt University,2024,NSW,RUN,62,<5
2236,Curtin University,2024,WA,ATN,250,50
3030,Deakin University,2024,VIC,ATN,348,22
2235,Edith Cowan University,2024,WA,non-aligned,107,32
2154,Federation University Australia,2024,VIC,RUN,45,6
3029,Flinders University,2024,SA,IRU,157,9
3032,Griffith University,2024,QLD,IRU,249,44
1019,James Cook University,2024,QLD,IRU,93,16
3020,La Trobe University,2024,VIC,IRU,172,58
3025,Macquarie University,2024,NSW,non-aligned,237,243
3035,Monash University,2024,VIC,Go8,845,49
1034,Murdoch University,2024,WA,IRU,101,45
3042,Queensland University of Technology,2024,QLD,non-aligned,306,99
3034,Royal Melbourne Institute of Technology,2024,VIC,ATN,377,46
3038,Southern Cross University,2024,NSW,RUN,39,11
2177,Swinburne University of Technology,2024,VIC,non-aligned,240,36
3033,The Australian National University,2024,ACT,Go8,396,38
3010,The University of Adelaide,2024,SA,Go8,273,72
3036,The University of Melbourne,2024,VIC,Go8,794,81
3044,The University of Notre Dame Australia,2024,WA,non-aligned,26,24
3019,The University of Queensland,2024,QLD,Go8,710,56
3040,The University of Sydney,2024,NSW,Go8,698,152
1055,The University of Western Australia,2024,WA,Go8,293,40
4449,Torrens University Australia,2024,SA,non-aligned,8,10
2241,University of Canberra,2024,ACT,IRU,60,<5
4331,University of Divinity,2024,VIC,non-aligned,12,<5
3039,University of New England,2024,NSW,RUN,72,11
3013,University of New South Wales,2024,NSW,Go8,649,120
3014,University of Newcastle,2024,NSW,ATN,220,11
3027,University of South Australia,2024,SA,ATN,134,30
2201,University of Southern Queensland,2024,QLD,RUN,114,17
3045,University of Tasmania,2024,TAS,non-aligned,228,13
3016,University of Technology Sydney,2024,NSW,ATN,339,38
3043,University of the Sunshine Coast,2024,QLD,RUN,56,6
1058,University of Wollongong,2024,NSW,non-aligned,226,26
3007,Victoria University,2024,VIC,non-aligned,75,11
3004,Western Sydney University,2024,NSW,IRU,176,67
3006,Australian Catholic University,2023,OTHER,non-aligned,39,<5
2252,Avondale University ,2023,NSW,non-aligned,<5,0
2246,Batchelor Institute of Indigenous Tertiary Education,2023,NT,non-aligned,<5,0
3003,Bond University ,2023,QLD,non-aligned,19,<5
2200,Central Queensland University,2023,QLD,RUN,31,21
3001,Charles Darwin University,2023,NT,non-aligned,44,6
3005,Charles Sturt University,2023,NSW,RUN,58,5
2236,Curtin University,2023,WA,ATN,259,38
3030,Deakin University,2023,VIC,ATN,313,18
2235,Edith Cowan University,2023,WA,non-aligned,106,34
2154,Federation University Australia,2023,VIC,RUN,38,6
3029,Flinders University,2023,SA,IRU,135,8
3032,Griffith University,2023,QLD,IRU,294,51
1019,James Cook University,2023,QLD,IRU,99,20
3020,La Trobe University,2023,VIC,IRU,184,58
3025,Macquarie University,2023,NSW,non-aligned,268,247
3035,Monash University,2023,VIC,Go8,968,55
1034,Murdoch University,2023,WA,IRU,92,43
3042,Queensland University of Technology,2023,QLD,non-aligned,285,95
3034,Royal Melbourne Institute of Technology,2023,VIC,ATN,400,35
3038,Southern Cross University,2023,NSW,RUN,42,11
2177,Swinburne University of Technology,2023,VIC,non-aligned,226,24
3033,The Australian National University,2023,ACT,Go8,377,26
3010,The University of Adelaide,2023,SA,Go8,326,60
3036,The University of Melbourne,2023,VIC,Go8,764,96
3044,The University of Notre Dame Australia,2023,WA,non-aligned,17,16
3019,The University of Queensland,2023,QLD,Go8,741,56
3040,The University of Sydney,2023,NSW,Go8,780,163
1055,The University of Western Australia,2023,WA,Go8,335,38
4449,Torrens University Australia,2023,SA,non-aligned,<5,<5
2241,University of Canberra,2023,ACT,IRU,77,7
4331,University of Divinity,2023,VIC,non-aligned,7,0
3039,University of New England,2023,NSW,RUN,75,15
3013,University of New South Wales,2023,NSW,Go8,717,84
3014,University of Newcastle,2023,NSW,ATN,229,8
3027,University of South Australia,2023,SA,ATN,137,36
2201,University of Southern Queensland,2023,QLD,RUN,102,34
3045,University of Tasmania,2023,TAS,non-aligned,233,10
3016,University of Technology Sydney,2023,NSW,ATN,341,23
3043,University of the Sunshine Coast,2023,QLD,RUN,63,8
1058,University of Wollongong,2023,NSW,non-aligned,218,24
3007,Victoria University,2023,VIC,non-aligned,61,24
3004,Western Sydney University,2023,NSW,IRU,193,84
3006,Australian Catholic University,2022,OTHER,non-aligned,36,<5
2252,Avondale University ,2022,NSW,non-aligned,<5,0
2246,Batchelor Institute of Indigenous Tertiary Education,2022,NT,non-aligned,0,0
3003,Bond University ,2022,QLD,non-aligned,27,5
2200,Central Queensland University,2022,QLD,RUN,37,22
3001,Charles Darwin University,2022,NT,non-aligned,46,<5
3005,Charles Sturt University,2022,NSW,RUN,61,<5
2236,Curtin University,2022,WA,ATN,265,38
3030,Deakin University,2022,VIC,ATN,297,21
2235,Edith Cowan University,2022,WA,non-aligned,88,41
2154,Federation University Australia,2022,VIC,RUN,39,<5
3029,Flinders University,2022,SA,IRU,125,7
3032,Griffith University,2022,QLD,IRU,269,54
1019,James Cook University,2022,QLD,IRU,110,17
3020,La Trobe University,2022,VIC,IRU,197,84
3025,Macquarie University,2022,NSW,non-aligned,209,272
3035,Monash University,2022,VIC,Go8,898,60
1034,Murdoch University,2022,WA,IRU,111,39
3042,Queensland University of Technology,2022,QLD,non-aligned,328,86
3034,Royal Melbourne Institute of Technology,2022,VIC,ATN,349,35
3038,Southern Cross University,2022,NSW,RUN,37,8
2177,Swinburne University of Technology,2022,VIC,non-aligned,223,32
3033,The Australian National University,2022,ACT,Go8,324,37
3010,The University of Adelaide,2022,SA,Go8,378,61
3036,The University of Melbourne,2022,VIC,Go8,670,64
3044,The University of Notre Dame Australia,2022,WA,non-aligned,24,18
3019,The University of Queensland,2022,QLD,Go8,710,57
3040,The University of Sydney,2022,NSW,Go8,639,178
1055,The University of Western Australia,2022,WA,Go8,321,28
4449,Torrens University Australia,2022,SA,non-aligned,10,<5
2241,University of Canberra,2022,ACT,IRU,48,5
4331,University of Divinity,2022,VIC,non-aligned,13,0
3039,University of New England,2022,NSW,RUN,79,13
3013,University of New South Wales,2022,NSW,Go8,690,97
3014,University of Newcastle,2022,NSW,ATN,284,12
3027,University of South Australia,2022,SA,ATN,119,37
2201,University of Southern Queensland,2022,QLD,RUN,117,20
3045,University of Tasmania,2022,TAS,non-aligned,222,17
3016,University of Technology Sydney,2022,NSW,ATN,313,37
3043,University of the Sunshine Coast,2022,QLD,RUN,56,6
1058,University of Wollongong,2022,NSW,non-aligned,219,35
3007,Victoria University,2022,VIC,non-aligned,77,24
3004,Western Sydney University,2022,NSW,IRU,127,67
3006,Australian Catholic University,2021,OTHER,non-aligned,36,5
2252,Avondale University ,2021,NSW,non-aligned,0,<5
2246,Batchelor Institute of Indigenous Tertiary Education,2021,NT,non-aligned,<5,0
3003,Bond University ,2021,QLD,non-aligned,31,<5
2200,Central Queensland University,2021,QLD,RUN,34,8
3001,Charles Darwin University,2021,NT,non-aligned,45,5
3005,Charles Sturt University,2021,NSW,RUN,52,6
2236,Curtin University,2021,WA,ATN,277,56
3030,Deakin University,2021,VIC,ATN,282,25
2235,Edith Cowan University,2021,WA,non-aligned,66,34
2154,Federation University Australia,2021,VIC,RUN,46,<5
3029,Flinders University,2021,SA,IRU,165,6
3032,Griffith University,2021,QLD,IRU,280,48
1019,James Cook University,2021,QLD,IRU,102,6
3020,La Trobe University,2021,VIC,IRU,169,52
3025,Macquarie University,2021,NSW,non-aligned,297,231
3035,Monash University,2021,VIC,Go8,808,62
1034,Murdoch University,2021,WA,IRU,91,25
3042,Queensland University of Technology,2021,QLD,non-aligned,323,120
3034,Royal Melbourne Institute of Technology,2021,VIC,ATN,340,37
3038,Southern Cross University,2021,NSW,RUN,48,8
2177,Swinburne University of Technology,2021,VIC,non-aligned,191,25
3033,The Australian National University,2021,ACT,Go8,352,32
3010,The University of Adelaide,2021,SA,Go8,313,63
3036,The University of Melbourne,2021,VIC,Go8,663,65
3044,The University of Notre Dame Australia,2021,WA,non-aligned,34,24
3019,The University of Queensland,2021,QLD,Go8,621,51
3040,The University of Sydney,2021,NSW,Go8,661,163
1055,The University of Western Australia,2021,WA,Go8,277,34
4449,Torrens University Australia,2021,SA,non-aligned,<5,<5
2241,University of Canberra,2021,ACT,IRU,55,6
4331,University of Divinity,2021,VIC,non-aligned,9,<5
3039,University of New England,2021,NSW,RUN,97,18
3013,University of New South Wales,2021,NSW,Go8,678,97
3014,University of Newcastle,2021,NSW,ATN,331,15
3027,University of South Australia,2021,SA,ATN,137,34
2201,University of Southern Queensland,2021,QLD,RUN,116,19
3045,University of Tasmania,2021,TAS,non-aligned,208,16
3016,University of Technology Sydney,2021,NSW,ATN,359,26
3043,University of the Sunshine Coast,2021,QLD,RUN,60,8
1058,University of Wollongong,2021,NSW,non-aligned,256,33
3007,Victoria University,2021,VIC,non-aligned,104,9
3004,Western Sydney University,2021,NSW,IRU,198,89
3006,Australian Catholic University,2020,OTHER,non-aligned,45,8
2246,Batchelor Institute of Indigenous Tertiary Education,2020,NT,non-aligned,<5,<5
3003,Bond University ,2020,QLD,non-aligned,18,<5
2200,Central Queensland University,2020,QLD,RUN,31,12
3001,Charles Darwin University,2020,NT,non-aligned,39,5
3005,Charles Sturt University,2020,NSW,RUN,74,<5
2236,Curtin University,2020,WA,ATN,301,47
3030,Deakin University,2020,VIC,ATN,229,18
2235,Edith Cowan University,2020,WA,non-aligned,82,32
2154,Federation University Australia,2020,VIC,RUN,52,<5
3029,Flinders University,2020,SA,IRU,159,11
3032,Griffith University,2020,QLD,IRU,273,58
1019,James Cook University,2020,QLD,IRU,105,8
3020,La Trobe University,2020,VIC,IRU,172,17
3025,Macquarie University,2020,NSW,non-aligned,258,197
3035,Monash University,2020,VIC,Go8,770,73
1034,Murdoch University,2020,WA,IRU,94,15
3042,Queensland University of Technology,2020,QLD,non-aligned,333,97
3034,Royal Melbourne Institute of Technology,2020,VIC,ATN,334,21
3038,Southern Cross University,2020,NSW,RUN,34,5
2177,Swinburne University of Technology,2020,VIC,non-aligned,145,24
3033,The Australian National University,2020,ACT,Go8,309,32
3010,The University of Adelaide,2020,SA,Go8,345,75
3036,The University of Melbourne,2020,VIC,Go8,804,97
3044,The University of Notre Dame Australia,2020,WA,non-aligned,42,15
3019,The University of Queensland,2020,QLD,Go8,740,69
3040,The University of Sydney,2020,NSW,Go8,589,142
1055,The University of Western Australia,2020,WA,Go8,284,27
4449,Torrens University Australia,2020,SA,non-aligned,<5,0
2241,University of Canberra,2020,ACT,IRU,35,7
4331,University of Divinity,2020,VIC,non-aligned,5,<5
3039,University of New England,2020,NSW,RUN,86,16
3013,University of New South Wales,2020,NSW,Go8,546,116
3014,University of Newcastle,2020,NSW,ATN,281,16
3027,University of South Australia,2020,SA,ATN,129,26
2201,University of Southern Queensland,2020,QLD,RUN,103,11
3045,University of Tasmania,2020,TAS,non-aligned,226,12
3016,University of Technology Sydney,2020,NSW,ATN,306,25
3043,University of the Sunshine Coast,2020,QLD,RUN,46,7
1058,University of Wollongong,2020,NSW,non-aligned,213,32
3007,Victoria University,2020,VIC,non-aligned,104,17
3004,Western Sydney University,2020,NSW,IRU,132,93
3006,Australian Catholic University,2019,OTHER,non-aligned,53,7
2246,Batchelor Institute of Indigenous Tertiary Education,2019,NT,non-aligned,<5,0
3003,Bond University ,2019,QLD,non-aligned,22,<5
2200,Central Queensland University,2019,QLD,RUN,37,11
3001,Charles Darwin University,2019,NT,non-aligned,40,8
3005,Charles Sturt University,2019,NSW,RUN,69,<5
2236,Curtin University,2019,WA,ATN,282,43
3030,Deakin University,2019,VIC,ATN,243,22
2235,Edith Cowan University,2019,WA,non-aligned,70,38
2154,Federation University Australia,2019,VIC,RUN,32,8
3029,Flinders University,2019,SA,IRU,170,11
3032,Griffith University,2019,QLD,IRU,299,58
1019,James Cook University,2019,QLD,IRU,125,5
3020,La Trobe University,2019,VIC,IRU,218,12
3025,Macquarie University,2019,NSW,non-aligned,287,274
3035,Monash University,2019,VIC,Go8,791,65
1034,Murdoch University,2019,WA,IRU,89,14
3042,Queensland University of Technology,2019,QLD,non-aligned,335,91
3034,Royal Melbourne Institute of Technology,2019,VIC,ATN,326,31
3038,Southern Cross University,2019,NSW,RUN,33,<5
2177,Swinburne University of Technology,2019,VIC,non-aligned,171,19
3033,The Australian National University,2019,ACT,Go8,371,33
3010,The University of Adelaide,2019,SA,Go8,330,72
3036,The University of Melbourne,2019,VIC,Go8,854,112
3044,The University of Notre Dame Australia,2019,WA,non-aligned,19,23
3019,The University of Queensland,2019,QLD,Go8,765,74
3040,The University of Sydney,2019,NSW,Go8,698,158
1055,The University of Western Australia,2019,WA,Go8,285,40
4449,Torrens University Australia,2019,SA,non-aligned,<5,0
2241,University of Canberra,2019,ACT,IRU,59,<5
4331,University of Divinity,2019,VIC,non-aligned,18,<5
3039,University of New England,2019,NSW,RUN,80,13
3013,University of New South Wales,2019,NSW,Go8,705,127
3014,University of Newcastle,2019,NSW,ATN,242,10
3027,University of South Australia,2019,SA,ATN,120,17
2201,University of Southern Queensland,2019,QLD,RUN,91,13
3045,University of Tasmania,2019,TAS,non-aligned,256,21
3016,University of Technology Sydney,2019,NSW,ATN,292,25
3043,University of the Sunshine Coast,2019,QLD,RUN,77,10
1058,University of Wollongong,2019,NSW,non-aligned,235,38
3007,Victoria University,2019,VIC,non-aligned,96,11
3004,Western Sydney University,2019,NSW,IRU,146,87
3006,Australian Catholic University,2018,OTHER,non-aligned,70,10
2246,Batchelor Institute of Indigenous Tertiary Education,2018,NT,non-aligned,0,<5
3003,Bond University ,2018,QLD,non-aligned,25,<5
2200,Central Queensland University,2018,QLD,RUN,35,13
3001,Charles Darwin University,2018,NT,non-aligned,26,7
3005,Charles Sturt University,2018,NSW,RUN,77,<5
2236,Curtin University,2018,WA,ATN,279,30
3030,Deakin University,2018,VIC,ATN,193,16
2235,Edith Cowan University,2018,WA,non-aligned,78,36
2154,Federation University Australia,2018,VIC,RUN,35,9
3029,Flinders University,2018,SA,IRU,175,8
3032,Griffith University,2018,QLD,IRU,286,44
1019,James Cook University,2018,QLD,IRU,103,5
3020,La Trobe University,2018,VIC,IRU,219,15
3025,Macquarie University,2018,NSW,non-aligned,288,268
3035,Monash University,2018,VIC,Go8,805,77
1034,Murdoch University,2018,WA,IRU,100,15
3042,Queensland University of Technology,2018,QLD,non-aligned,322,115
3034,Royal Melbourne Institute of Technology,2018,VIC,ATN,260,36
3038,Southern Cross University,2018,NSW,RUN,38,8
2177,Swinburne University of Technology,2018,VIC,non-aligned,159,26
3033,The Australian National University,2018,ACT,Go8,361,32
3010,The University of Adelaide,2018,SA,Go8,339,61
3036,The University of Melbourne,2018,VIC,Go8,873,148
3044,The University of Notre Dame Australia,2018,WA,non-aligned,31,29
3019,The University of Queensland,2018,QLD,Go8,579,69
3040,The University of Sydney,2018,NSW,Go8,315,88
1055,The University of Western Australia,2018,WA,Go8,287,51
4449,Torrens University Australia,2018,SA,non-aligned,<5,<5
2241,University of Canberra,2018,ACT,IRU,66,8
4331,University of Divinity,2018,VIC,non-aligned,9,<5
3039,University of New England,2018,NSW,RUN,76,10
3013,University of New South Wales,2018,NSW,Go8,663,97
3014,University of Newcastle,2018,NSW,ATN,253,13
3027,University of South Australia,2018,SA,ATN,144,15
2201,University of Southern Queensland,2018,QLD,RUN,79,5
3045,University of Tasmania,2018,TAS,non-aligned,204,21
3016,University of Technology Sydney,2018,NSW,ATN,251,35
3043,University of the Sunshine Coast,2018,QLD,RUN,57,12
1058,University of Wollongong,2018,NSW,non-aligned,239,52
3007,Victoria University,2018,VIC,non-aligned,91,12
3004,Western Sydney University,2018,NSW,IRU,142,73
3006,Australian Catholic University,2017,OTHER,non-aligned,39,7
2246,Batchelor Institute of Indigenous Tertiary Education,2017,NT,non-aligned,<5,0
3003,Bond University ,2017,QLD,non-aligned,21,9
2200,Central Queensland University,2017,QLD,RUN,47,8
3001,Charles Darwin University,2017,NT,non-aligned,27,8
3005,Charles Sturt University,2017,NSW,RUN,86,6
2236,Curtin University,2017,WA,ATN,302,41
3030,Deakin University,2017,VIC,ATN,214,9
2235,Edith Cowan University,2017,WA,non-aligned,71,33
2154,Federation University Australia,2017,VIC,RUN,31,<5
3029,Flinders University,2017,SA,IRU,119,10
3032,Griffith University,2017,QLD,IRU,310,46
1019,James Cook University,2017,QLD,IRU,130,8
3020,La Trobe University,2017,VIC,IRU,197,24
3025,Macquarie University,2017,NSW,non-aligned,286,290
3035,Monash University,2017,VIC,Go8,779,97
1034,Murdoch University,2017,WA,IRU,98,16
3042,Queensland University of Technology,2017,QLD,non-aligned,330,95
3034,Royal Melbourne Institute of Technology,2017,VIC,ATN,305,37
3038,Southern Cross University,2017,NSW,RUN,48,8
2177,Swinburne University of Technology,2017,VIC,non-aligned,133,9
3033,The Australian National University,2017,ACT,Go8,434,40
3010,The University of Adelaide,2017,SA,Go8,365,50
3036,The University of Melbourne,2017,VIC,Go8,716,109
3044,The University of Notre Dame Australia,2017,WA,non-aligned,23,14
3019,The University of Queensland,2017,QLD,Go8,680,81
3040,The University of Sydney,2017,NSW,Go8,701,190
1055,The University of Western Australia,2017,WA,Go8,298,59
4449,Torrens University Australia,2017,SA,non-aligned,<5,<5
2241,University of Canberra,2017,ACT,IRU,60,6
4331,University of Divinity,2017,VIC,non-aligned,10,<5
3039,University of New England,2017,NSW,RUN,96,12
3013,University of New South Wales,2017,NSW,Go8,632,105
3014,University of Newcastle,2017,NSW,ATN,230,18
3027,University of South Australia,2017,SA,ATN,195,15
2201,University of Southern Queensland,2017,QLD,RUN,72,6
3045,University of Tasmania,2017,TAS,non-aligned,215,15
3016,University of Technology Sydney,2017,NSW,ATN,219,25
3043,University of the Sunshine Coast,2017,QLD,RUN,34,<5
1058,University of Wollongong,2017,NSW,non-aligned,241,39
3007,Victoria University,2017,VIC,non-aligned,112,9
3004,Western Sydney University,2017,NSW,IRU,133,92
3006,Australian Catholic University,2016,OTHER,non-aligned,57,8
3003,Bond University ,2016,QLD,non-aligned,23,16
2200,Central Queensland University,2016,QLD,RUN,57,6
3001,Charles Darwin University,2016,NT,non-aligned,32,9
3005,Charles Sturt University,2016,NSW,RUN,99,9
2236,Curtin University,2016,WA,ATN,261,46
3030,Deakin University,2016,VIC,ATN,259,14
2235,Edith Cowan University,2016,WA,non-aligned,67,23
2154,Federation University Australia,2016,VIC,RUN,24,<5
3029,Flinders University,2016,SA,IRU,172,13
3032,Griffith University,2016,QLD,IRU,333,21
1019,James Cook University,2016,QLD,IRU,134,10
3020,La Trobe University,2016,VIC,IRU,181,21
3025,Macquarie University,2016,NSW,non-aligned,284,254
3035,Monash University,2016,VIC,Go8,716,94
1034,Murdoch University,2016,WA,IRU,110,14
3042,Queensland University of Technology,2016,QLD,non-aligned,303,128
3034,Royal Melbourne Institute of Technology,2016,VIC,ATN,246,34
3038,Southern Cross University,2016,NSW,RUN,60,6
2177,Swinburne University of Technology,2016,VIC,non-aligned,121,11
3033,The Australian National University,2016,ACT,Go8,371,33
3010,The University of Adelaide,2016,SA,Go8,333,72
3036,The University of Melbourne,2016,VIC,Go8,755,146
3044,The University of Notre Dame Australia,2016,WA,non-aligned,8,15
3019,The University of Queensland,2016,QLD,Go8,731,91
3040,The University of Sydney,2016,NSW,Go8,679,194
1055,The University of Western Australia,2016,WA,Go8,349,48
2241,University of Canberra,2016,ACT,IRU,65,<5
4331,University of Divinity,2016,VIC,non-aligned,18,<5
3039,University of New England,2016,NSW,RUN,111,11
3013,University of New South Wales,2016,NSW,Go8,531,99
3014,University of Newcastle,2016,NSW,ATN,228,13
3027,University of South Australia,2016,SA,ATN,199,10
2201,University of Southern Queensland,2016,QLD,RUN,79,6
3045,University of Tasmania,2016,TAS,non-aligned,198,22
3016,University of Technology Sydney,2016,NSW,ATN,178,28
3043,University of the Sunshine Coast,2016,QLD,RUN,28,6
1058,University of Wollongong,2016,NSW,non-aligned,235,40
3007,Victoria University,2016,VIC,non-aligned,118,8
3004,Western Sydney University,2016,NSW,IRU,130,22
3006,Australian Catholic University,2015,OTHER,non-aligned,40,8
3003,Bond University ,2015,QLD,non-aligned,23,<5
2200,Central Queensland University,2015,QLD,RUN,30,12
3001,Charles Darwin University,2015,NT,non-aligned,32,<5
3005,Charles Sturt University,2015,NSW,RUN,93,11
2236,Curtin University,2015,WA,ATN,259,33
3030,Deakin University,2015,VIC,ATN,239,13
2235,Edith Cowan University,2015,WA,non-aligned,88,36
2154,Federation University Australia,2015,VIC,RUN,24,11
3029,Flinders University,2015,SA,IRU,131,15
3032,Griffith University,2015,QLD,IRU,231,13
1019,James Cook University,2015,QLD,IRU,118,18
3020,La Trobe University,2015,VIC,IRU,182,23
3025,Macquarie University,2015,NSW,non-aligned,307,286
3035,Monash University,2015,VIC,Go8,735,126
1034,Murdoch University,2015,WA,IRU,89,22
3042,Queensland University of Technology,2015,QLD,non-aligned,322,102
3034,Royal Melbourne Institute of Technology,2015,VIC,ATN,242,36
3038,Southern Cross University,2015,NSW,RUN,52,7
2177,Swinburne University of Technology,2015,VIC,non-aligned,123,18
3033,The Australian National University,2015,ACT,Go8,368,29
3010,The University of Adelaide,2015,SA,Go8,330,71
3036,The University of Melbourne,2015,VIC,Go8,637,128
3044,The University of Notre Dame Australia,2015,WA,non-aligned,12,14
3019,The University of Queensland,2015,QLD,Go8,665,83
3040,The University of Sydney,2015,NSW,Go8,625,191
1055,The University of Western Australia,2015,WA,Go8,318,54
2241,University of Canberra,2015,ACT,IRU,69,5
4331,University of Divinity,2015,VIC,non-aligned,<5,5
3039,University of New England,2015,NSW,RUN,85,12
3013,University of New South Wales,2015,NSW,Go8,574,109
3014,University of Newcastle,2015,NSW,ATN,217,28
3027,University of South Australia,2015,SA,ATN,185,18
2201,University of Southern Queensland,2015,QLD,RUN,57,<5
3045,University of Tasmania,2015,TAS,non-aligned,166,15
3016,University of Technology Sydney,2015,NSW,ATN,188,30
3043,University of the Sunshine Coast,2015,QLD,RUN,27,<5
1058,University of Wollongong,2015,NSW,non-aligned,228,44
3007,Victoria University,2015,VIC,non-aligned,116,5
3004,Western Sydney University,2015,NSW,IRU,131,19
3006,Australian Catholic University,2014,OTHER,non-aligned,32,5
2246,Batchelor Institute of Indigenous Tertiary Education,2014,NT,non-aligned,<5,0
3003,Bond University ,2014,QLD,non-aligned,8,<5
2200,Central Queensland University,2014,QLD,RUN,33,13
3001,Charles Darwin University,2014,NT,non-aligned,34,8
3005,Charles Sturt University,2014,NSW,RUN,72,10
2236,Curtin University,2014,WA,ATN,245,52
3030,Deakin University,2014,VIC,ATN,270,10
2235,Edith Cowan University,2014,WA,non-aligned,86,37
2154,Federation University Australia,2014,VIC,RUN,15,<5
3029,Flinders University,2014,SA,IRU,138,6
3032,Griffith University,2014,QLD,IRU,213,17
1019,James Cook University,2014,QLD,IRU,93,12
3020,La Trobe University,2014,VIC,IRU,220,20
3025,Macquarie University,2014,NSW,non-aligned,297,96
3035,Monash University,2014,VIC,Go8,663,118
1034,Murdoch University,2014,WA,IRU,76,17
3042,Queensland University of Technology,2014,QLD,non-aligned,292,89
3034,Royal Melbourne Institute of Technology,2014,VIC,ATN,237,39
3038,Southern Cross University,2014,NSW,RUN,31,<5
2177,Swinburne University of Technology,2014,VIC,non-aligned,124,7
3033,The Australian National University,2014,ACT,Go8,360,39
3010,The University of Adelaide,2014,SA,Go8,334,52
3036,The University of Melbourne,2014,VIC,Go8,590,130
3044,The University of Notre Dame Australia,2014,WA,non-aligned,12,5
3019,The University of Queensland,2014,QLD,Go8,736,93
3040,The University of Sydney,2014,NSW,Go8,653,194
1055,The University of Western Australia,2014,WA,Go8,258,48
2241,University of Canberra,2014,ACT,IRU,57,<5
4331,University of Divinity,2014,VIC,non-aligned,<5,<5
3039,University of New England,2014,NSW,RUN,81,7
3013,University of New South Wales,2014,NSW,Go8,633,142
3014,University of Newcastle,2014,NSW,ATN,194,12
3027,University of South Australia,2014,SA,ATN,161,19
2201,University of Southern Queensland,2014,QLD,RUN,65,5
3045,University of Tasmania,2014,TAS,non-aligned,153,13
3016,University of Technology Sydney,2014,NSW,ATN,173,33
3043,University of the Sunshine Coast,2014,QLD,RUN,18,<5
1058,University of Wollongong,2014,NSW,non-aligned,238,51
3007,Victoria University,2014,VIC,non-aligned,102,13
3004,Western Sydney University,2014,NSW,IRU,107,15
3006,Australian Catholic University,2013,OTHER,non-aligned,31,9
3003,Bond University ,2013,QLD,non-aligned,25,<5
2200,Central Queensland University,2013,QLD,RUN,44,10
3001,Charles Darwin University,2013,NT,non-aligned,17,5
3005,Charles Sturt University,2013,NSW,RUN,67,5
2236,Curtin University,2013,WA,ATN,242,39
3030,Deakin University,2013,VIC,ATN,174,14
2235,Edith Cowan University,2013,WA,non-aligned,84,27
2154,Federation University Australia,2013,VIC,RUN,18,<5
3029,Flinders University,2013,SA,IRU,96,10
3032,Griffith University,2013,QLD,IRU,186,12
1019,James Cook University,2013,QLD,IRU,87,11
3020,La Trobe University,2013,VIC,IRU,219,19
3025,Macquarie University,2013,NSW,non-aligned,287,10
3035,Monash University,2013,VIC,Go8,583,131
1034,Murdoch University,2013,WA,IRU,84,13
3042,Queensland University of Technology,2013,QLD,non-aligned,284,90
3034,Royal Melbourne Institute of Technology,2013,VIC,ATN,249,50
3038,Southern Cross University,2013,NSW,RUN,58,0
2177,Swinburne University of Technology,2013,VIC,non-aligned,127,14
3033,The Australian National University,2013,ACT,Go8,332,29
3010,The University of Adelaide,2013,SA,Go8,286,47
3036,The University of Melbourne,2013,VIC,Go8,608,136
3044,The University of Notre Dame Australia,2013,WA,non-aligned,8,<5
3019,The University of Queensland,2013,QLD,Go8,673,79
3040,The University of Sydney,2013,NSW,Go8,702,199
1055,The University of Western Australia,2013,WA,Go8,288,58
2241,University of Canberra,2013,ACT,IRU,55,7
4331,University of Divinity,2013,VIC,non-aligned,7,6
3039,University of New England,2013,NSW,RUN,71,12
3013,University of New South Wales,2013,NSW,Go8,610,131
3014,University of Newcastle,2013,NSW,ATN,195,30
3027,University of South Australia,2013,SA,ATN,193,19
2201,University of Southern Queensland,2013,QLD,RUN,57,7
3045,University of Tasmania,2013,TAS,non-aligned,152,26
3016,University of Technology Sydney,2013,NSW,ATN,167,37
3043,University of the Sunshine Coast,2013,QLD,RUN,19,5
1058,University of Wollongong,2013,NSW,non-aligned,199,74
3007,Victoria University,2013,VIC,non-aligned,60,13
3004,Western Sydney University,2013,NSW,IRU,134,22
3006,Australian Catholic University,2012,OTHER,non-aligned,11,9
3003,Bond University ,2012,QLD,non-aligned,23,0
2200,Central Queensland University,2012,QLD,RUN,23,9
3001,Charles Darwin University,2012,NT,non-aligned,23,6
3005,Charles Sturt University,2012,NSW,RUN,50,5
2236,Curtin University,2012,WA,ATN,214,28
3030,Deakin University,2012,VIC,ATN,150,17
2235,Edith Cowan University,2012,WA,non-aligned,61,29
2154,Federation University Australia,2012,VIC,RUN,26,6
3029,Flinders University,2012,SA,IRU,114,10
3032,Griffith University,2012,QLD,IRU,165,20
1019,James Cook University,2012,QLD,IRU,102,13
3020,La Trobe University,2012,VIC,IRU,157,28
3025,Macquarie University,2012,NSW,non-aligned,258,12
3035,Monash University,2012,VIC,Go8,496,111
1034,Murdoch University,2012,WA,IRU,100,11
3042,Queensland University of Technology,2012,QLD,non-aligned,245,80
3034,Royal Melbourne Institute of Technology,2012,VIC,ATN,187,46
3038,Southern Cross University,2012,NSW,RUN,40,5
2177,Swinburne University of Technology,2012,VIC,non-aligned,103,12
3033,The Australian National University,2012,ACT,Go8,318,19
3010,The University of Adelaide,2012,SA,Go8,258,47
3036,The University of Melbourne,2012,VIC,Go8,582,156
3044,The University of Notre Dame Australia,2012,WA,non-aligned,<5,0
3019,The University of Queensland,2012,QLD,Go8,548,68
3040,The University of Sydney,2012,NSW,Go8,664,202
1055,The University of Western Australia,2012,WA,Go8,302,63
2241,University of Canberra,2012,ACT,IRU,41,7
4331,University of Divinity,2012,VIC,non-aligned,9,9
3039,University of New England,2012,NSW,RUN,62,15
3013,University of New South Wales,2012,NSW,Go8,550,136
3014,University of Newcastle,2012,NSW,ATN,149,20
3027,University of South Australia,2012,SA,ATN,160,13
2201,University of Southern Queensland,2012,QLD,RUN,62,16
3045,University of Tasmania,2012,TAS,non-aligned,172,32
3016,University of Technology Sydney,2012,NSW,ATN,113,39
3043,University of the Sunshine Coast,2012,QLD,RUN,22,0
1058,University of Wollongong,2012,NSW,non-aligned,172,55
3007,Victoria University,2012,VIC,non-aligned,77,10
3004,Western Sydney University,2012,NSW,IRU,90,18
3006,Australian Catholic University,2011,OTHER,non-aligned,34,8
3003,Bond University ,2011,QLD,non-aligned,8,<5
2200,Central Queensland University,2011,QLD,RUN,32,13
3001,Charles Darwin University,2011,NT,non-aligned,23,<5
3005,Charles Sturt University,2011,NSW,RUN,57,<5
2236,Curtin University,2011,WA,ATN,188,34
3030,Deakin University,2011,VIC,ATN,115,<5
2235,Edith Cowan University,2011,WA,non-aligned,55,22
2154,Federation University Australia,2011,VIC,RUN,26,<5
3029,Flinders University,2011,SA,IRU,122,14
3032,Griffith University,2011,QLD,IRU,176,23
1019,James Cook University,2011,QLD,IRU,103,13
3020,La Trobe University,2011,VIC,IRU,155,19
3025,Macquarie University,2011,NSW,non-aligned,228,16
3035,Monash University,2011,VIC,Go8,503,123
1034,Murdoch University,2011,WA,IRU,86,17
3042,Queensland University of Technology,2011,QLD,non-aligned,217,77
3034,Royal Melbourne Institute of Technology,2011,VIC,ATN,173,58
3038,Southern Cross University,2011,NSW,RUN,39,<5
2177,Swinburne University of Technology,2011,VIC,non-aligned,85,6
3033,The Australian National University,2011,ACT,Go8,327,24
3010,The University of Adelaide,2011,SA,Go8,250,44
3036,The University of Melbourne,2011,VIC,Go8,610,167
3044,The University of Notre Dame Australia,2011,WA,non-aligned,<5,<5
3019,The University of Queensland,2011,QLD,Go8,496,57
3040,The University of Sydney,2011,NSW,Go8,587,203
1055,The University of Western Australia,2011,WA,Go8,246,65
2241,University of Canberra,2011,ACT,IRU,26,10
4331,University of Divinity,2011,VIC,non-aligned,5,<5
3039,University of New England,2011,NSW,RUN,75,18
3013,University of New South Wales,2011,NSW,Go8,502,152
3014,University of Newcastle,2011,NSW,ATN,102,27
3027,University of South Australia,2011,SA,ATN,141,17
2201,University of Southern Queensland,2011,QLD,RUN,40,7
3045,University of Tasmania,2011,TAS,non-aligned,150,30
3016,University of Technology Sydney,2011,NSW,ATN,128,33
3043,University of the Sunshine Coast,2011,QLD,RUN,15,6
1058,University of Wollongong,2011,NSW,non-aligned,169,58
3007,Victoria University,2011,VIC,non-aligned,71,6
3004,Western Sydney University,2011,NSW,IRU,86,25
3006,Australian Catholic University,2010,OTHER,non-aligned,30,7
3003,Bond University ,2010,QLD,non-aligned,12,<5
2200,Central Queensland University,2010,QLD,RUN,23,9
3001,Charles Darwin University,2010,NT,non-aligned,19,<5
3005,Charles Sturt University,2010,NSW,RUN,39,<5
2236,Curtin University,2010,WA,ATN,169,31
3030,Deakin University,2010,VIC,ATN,127,13
2235,Edith Cowan University,2010,WA,non-aligned,51,19
2154,Federation University Australia,2010,VIC,RUN,25,5
3029,Flinders University,2010,SA,IRU,89,10
3032,Griffith University,2010,QLD,IRU,157,15
1019,James Cook University,2010,QLD,IRU,80,7
3020,La Trobe University,2010,VIC,IRU,128,24
3025,Macquarie University,2010,NSW,non-aligned,166,18
3035,Monash University,2010,VIC,Go8,424,100
1034,Murdoch University,2010,WA,IRU,89,17
3042,Queensland University of Technology,2010,QLD,non-aligned,206,71
3034,Royal Melbourne Institute of Technology,2010,VIC,ATN,143,62
3038,Southern Cross University,2010,NSW,RUN,45,7
2177,Swinburne University of Technology,2010,VIC,non-aligned,82,7
3033,The Australian National University,2010,ACT,Go8,301,26
3010,The University of Adelaide,2010,SA,Go8,272,34
3036,The University of Melbourne,2010,VIC,Go8,566,161
3044,The University of Notre Dame Australia,2010,WA,non-aligned,6,<5
3019,The University of Queensland,2010,QLD,Go8,474,61
3040,The University of Sydney,2010,NSW,Go8,573,202
1055,The University of Western Australia,2010,WA,Go8,235,53
2241,University of Canberra,2010,ACT,IRU,38,<5
4331,University of Divinity,2010,VIC,non-aligned,10,17
3039,University of New England,2010,NSW,RUN,59,27
3013,University of New South Wales,2010,NSW,Go8,471,138
3014,University of Newcastle,2010,NSW,ATN,113,24
3027,University of South Australia,2010,SA,ATN,159,16
2201,University of Southern Queensland,2010,QLD,RUN,46,15
3045,University of Tasmania,2010,TAS,non-aligned,178,39
3016,University of Technology Sydney,2010,NSW,ATN,140,27
3043,University of the Sunshine Coast,2010,QLD,RUN,13,<5
1058,University of Wollongong,2010,NSW,non-aligned,135,33
3007,Victoria University,2010,VIC,non-aligned,80,12
3004,Western Sydney University,2010,NSW,IRU,77,13
3006,Australian Catholic University,2009,OTHER,non-aligned,36,5
3003,Bond University ,2009,QLD,non-aligned,8,<5
2200,Central Queensland University,2009,QLD,RUN,25,14
3001,Charles Darwin University,2009,NT,non-aligned,17,<5
3005,Charles Sturt University,2009,NSW,RUN,22,<5
2236,Curtin University,2009,WA,ATN,153,38
3030,Deakin University,2009,VIC,ATN,131,16
2235,Edith Cowan University,2009,WA,non-aligned,41,23
2154,Federation University Australia,2009,VIC,RUN,22,7
3029,Flinders University,2009,SA,IRU,85,8
3032,Griffith University,2009,QLD,IRU,140,15
1019,James Cook University,2009,QLD,IRU,72,16
3020,La Trobe University,2009,VIC,IRU,134,23
3025,Macquarie University,2009,NSW,non-aligned,189,26
3035,Monash University,2009,VIC,Go8,411,106
1034,Murdoch University,2009,WA,IRU,87,9
3042,Queensland University of Technology,2009,QLD,non-aligned,165,66
3034,Royal Melbourne Institute of Technology,2009,VIC,ATN,29,7
3038,Southern Cross University,2009,NSW,RUN,74,8
2177,Swinburne University of Technology,2009,VIC,non-aligned,75,11
3033,The Australian National University,2009,ACT,Go8,291,30
3010,The University of Adelaide,2009,SA,Go8,213,44
3036,The University of Melbourne,2009,VIC,Go8,577,198
3044,The University of Notre Dame Australia,2009,WA,non-aligned,<5,<5
3019,The University of Queensland,2009,QLD,Go8,493,59
3040,The University of Sydney,2009,NSW,Go8,535,165
1055,The University of Western Australia,2009,WA,Go8,260,43
2241,University of Canberra,2009,ACT,IRU,24,<5
4331,University of Divinity,2009,VIC,non-aligned,18,21
3039,University of New England,2009,NSW,RUN,76,17
3013,University of New South Wales,2009,NSW,Go8,451,112
3014,University of Newcastle,2009,NSW,ATN,108,27
3027,University of South Australia,2009,SA,ATN,123,13
2201,University of Southern Queensland,2009,QLD,RUN,49,16
3045,University of Tasmania,2009,TAS,non-aligned,162,30
3016,University of Technology Sydney,2009,NSW,ATN,153,41
3043,University of the Sunshine Coast,2009,QLD,RUN,18,7
1058,University of Wollongong,2009,NSW,non-aligned,152,43
3007,Victoria University,2009,VIC,non-aligned,73,5
3004,Western Sydney University,2009,NSW,IRU,97,14
3006,Australian Catholic University,2008,OTHER,non-aligned,29,<5
3003,Bond University ,2008,QLD,non-aligned,10,<5
2200,Central Queensland University,2008,QLD,RUN,13,10
3001,Charles Darwin University,2008,NT,non-aligned,22,<5
3005,Charles Sturt University,2008,NSW,RUN,57,6
2236,Curtin University,2008,WA,ATN,144,33
3030,Deakin University,2008,VIC,ATN,131,14
2235,Edith Cowan University,2008,WA,non-aligned,58,34
2154,Federation University Australia,2008,VIC,RUN,19,8
3029,Flinders University,2008,SA,IRU,108,13
3032,Griffith University,2008,QLD,IRU,126,20
1019,James Cook University,2008,QLD,IRU,45,17
3020,La Trobe University,2008,VIC,IRU,72,20
3025,Macquarie University,2008,NSW,non-aligned,177,31
3035,Monash University,2008,VIC,Go8,434,102
1034,Murdoch University,2008,WA,IRU,41,7
3042,Queensland University of Technology,2008,QLD,non-aligned,167,81
3034,Royal Melbourne Institute of Technology,2008,VIC,ATN,171,96
3038,Southern Cross University,2008,NSW,RUN,49,6
2177,Swinburne University of Technology,2008,VIC,non-aligned,90,7
3033,The Australian National University,2008,ACT,Go8,317,24
3010,The University of Adelaide,2008,SA,Go8,265,33
3036,The University of Melbourne,2008,VIC,Go8,558,162
3044,The University of Notre Dame Australia,2008,WA,non-aligned,7,0
3019,The University of Queensland,2008,QLD,Go8,517,81
3040,The University of Sydney,2008,NSW,Go8,529,146
1055,The University of Western Australia,2008,WA,Go8,262,53
2241,University of Canberra,2008,ACT,IRU,25,8
4331,University of Divinity,2008,VIC,non-aligned,5,13
3039,University of New England,2008,NSW,RUN,69,21
3013,University of New South Wales,2008,NSW,Go8,430,123
3014,University of Newcastle,2008,NSW,ATN,122,29
3027,University of South Australia,2008,SA,ATN,117,18
2201,University of Southern Queensland,2008,QLD,RUN,29,11
3045,University of Tasmania,2008,TAS,non-aligned,108,32
3016,University of Technology Sydney,2008,NSW,ATN,148,38
3043,University of the Sunshine Coast,2008,QLD,RUN,6,<5
1058,University of Wollongong,2008,NSW,non-aligned,121,52
3007,Victoria University,2008,VIC,non-aligned,84,7
3004,Western Sydney University,2008,NSW,IRU,99,15
3006,Australian Catholic University,2007,OTHER,non-aligned,27,8
3003,Bond University ,2007,QLD,non-aligned,13,0
2200,Central Queensland University,2007,QLD,RUN,21,12
3001,Charles Darwin University,2007,NT,non-aligned,25,11
3005,Charles Sturt University,2007,NSW,RUN,36,<5
2236,Curtin University,2007,WA,ATN,187,51
3030,Deakin University,2007,VIC,ATN,127,10
2235,Edith Cowan University,2007,WA,non-aligned,53,28
2154,Federation University Australia,2007,VIC,RUN,19,12
3029,Flinders University,2007,SA,IRU,83,9
3032,Griffith University,2007,QLD,IRU,158,16
1019,James Cook University,2007,QLD,IRU,66,10
3020,La Trobe University,2007,VIC,IRU,146,24
3025,Macquarie University,2007,NSW,non-aligned,153,36
3035,Monash University,2007,VIC,Go8,382,98
1034,Murdoch University,2007,WA,IRU,75,12
3042,Queensland University of Technology,2007,QLD,non-aligned,179,60
3034,Royal Melbourne Institute of Technology,2007,VIC,ATN,173,88
3038,Southern Cross University,2007,NSW,RUN,54,<5
2177,Swinburne University of Technology,2007,VIC,non-aligned,66,7
3033,The Australian National University,2007,ACT,Go8,288,14
3010,The University of Adelaide,2007,SA,Go8,241,29
3036,The University of Melbourne,2007,VIC,Go8,537,195
3044,The University of Notre Dame Australia,2007,WA,non-aligned,<5,<5
3019,The University of Queensland,2007,QLD,Go8,452,64
3040,The University of Sydney,2007,NSW,Go8,490,135
1055,The University of Western Australia,2007,WA,Go8,267,67
2241,University of Canberra,2007,ACT,IRU,42,12
4331,University of Divinity,2007,VIC,non-aligned,<5,6
3039,University of New England,2007,NSW,RUN,107,29
3013,University of New South Wales,2007,NSW,Go8,496,150
3014,University of Newcastle,2007,NSW,ATN,108,33
3027,University of South Australia,2007,SA,ATN,128,14
2201,University of Southern Queensland,2007,QLD,RUN,32,11
3045,University of Tasmania,2007,TAS,non-aligned,100,32
3016,University of Technology Sydney,2007,NSW,ATN,121,40
3043,University of the Sunshine Coast,2007,QLD,RUN,5,6
1058,University of Wollongong,2007,NSW,non-aligned,110,51
3007,Victoria University,2007,VIC,non-aligned,55,8
3004,Western Sydney University,2007,NSW,IRU,114,19
3006,Australian Catholic University,2006,OTHER,non-aligned,37,10
3003,Bond University ,2006,QLD,non-aligned,9,<5
2200,Central Queensland University,2006,QLD,RUN,19,5
3001,Charles Darwin University,2006,NT,non-aligned,11,<5
3005,Charles Sturt University,2006,NSW,RUN,26,9
2236,Curtin University,2006,WA,ATN,138,42
3030,Deakin University,2006,VIC,ATN,100,18
2235,Edith Cowan University,2006,WA,non-aligned,61,29
2154,Federation University Australia,2006,VIC,RUN,19,<5
3029,Flinders University,2006,SA,IRU,103,17
3032,Griffith University,2006,QLD,IRU,145,18
1019,James Cook University,2006,QLD,IRU,86,15
3020,La Trobe University,2006,VIC,IRU,133,27
3025,Macquarie University,2006,NSW,non-aligned,122,48
3035,Monash University,2006,VIC,Go8,384,120
1034,Murdoch University,2006,WA,IRU,87,21
3042,Queensland University of Technology,2006,QLD,non-aligned,144,59
3034,Royal Melbourne Institute of Technology,2006,VIC,ATN,180,73
3038,Southern Cross University,2006,NSW,RUN,62,9
2177,Swinburne University of Technology,2006,VIC,non-aligned,84,11
3033,The Australian National University,2006,ACT,Go8,296,24
3010,The University of Adelaide,2006,SA,Go8,217,43
3036,The University of Melbourne,2006,VIC,Go8,526,210
3044,The University of Notre Dame Australia,2006,WA,non-aligned,<5,0
3019,The University of Queensland,2006,QLD,Go8,396,115
3040,The University of Sydney,2006,NSW,Go8,495,161
1055,The University of Western Australia,2006,WA,Go8,237,50
2241,University of Canberra,2006,ACT,IRU,32,12
4331,University of Divinity,2006,VIC,non-aligned,5,13
3039,University of New England,2006,NSW,RUN,88,26
3013,University of New South Wales,2006,NSW,Go8,514,132
3014,University of Newcastle,2006,NSW,ATN,139,60
3027,University of South Australia,2006,SA,ATN,121,23
2201,University of Southern Queensland,2006,QLD,RUN,16,13
3045,University of Tasmania,2006,TAS,non-aligned,126,33
3016,University of Technology Sydney,2006,NSW,ATN,115,48
3043,University of the Sunshine Coast,2006,QLD,RUN,6,<5
1058,University of Wollongong,2006,NSW,non-aligned,106,47
3007,Victoria University,2006,VIC,non-aligned,35,8
3004,Western Sydney University,2006,NSW,IRU,94,19
3006,Australian Catholic University,2005,OTHER,non-aligned,27,8
3003,Bond University ,2005,QLD,non-aligned,9,<5
2200,Central Queensland University,2005,QLD,RUN,22,17
3001,Charles Darwin University,2005,NT,non-aligned,17,11
3005,Charles Sturt University,2005,NSW,RUN,25,6
2236,Curtin University,2005,WA,ATN,136,42
3030,Deakin University,2005,VIC,ATN,101,20
2235,Edith Cowan University,2005,WA,non-aligned,45,35
2154,Federation University Australia,2005,VIC,RUN,20,7
3029,Flinders University,2005,SA,IRU,91,23
3032,Griffith University,2005,QLD,IRU,140,31
1019,James Cook University,2005,QLD,IRU,72,17
3020,La Trobe University,2005,VIC,IRU,139,18
3025,Macquarie University,2005,NSW,non-aligned,115,33
3035,Monash University,2005,VIC,Go8,354,115
1034,Murdoch University,2005,WA,IRU,80,11
3042,Queensland University of Technology,2005,QLD,non-aligned,151,62
3034,Royal Melbourne Institute of Technology,2005,VIC,ATN,127,88
3038,Southern Cross University,2005,NSW,RUN,27,10
2177,Swinburne University of Technology,2005,VIC,non-aligned,68,7
3033,The Australian National University,2005,ACT,Go8,268,35
3010,The University of Adelaide,2005,SA,Go8,134,20
3036,The University of Melbourne,2005,VIC,Go8,523,216
3044,The University of Notre Dame Australia,2005,WA,non-aligned,<5,0
3019,The University of Queensland,2005,QLD,Go8,426,118
3040,The University of Sydney,2005,NSW,Go8,487,148
1055,The University of Western Australia,2005,WA,Go8,270,80
2241,University of Canberra,2005,ACT,IRU,24,11
4331,University of Divinity,2005,VIC,non-aligned,6,14
3039,University of New England,2005,NSW,RUN,88,27
3013,University of New South Wales,2005,NSW,Go8,494,118
3014,University of Newcastle,2005,NSW,ATN,107,47
3027,University of South Australia,2005,SA,ATN,101,27
2201,University of Southern Queensland,2005,QLD,RUN,20,11
3045,University of Tasmania,2005,TAS,non-aligned,129,22
3016,University of Technology Sydney,2005,NSW,ATN,97,27
3043,University of the Sunshine Coast,2005,QLD,RUN,7,<5
1058,University of Wollongong,2005,NSW,non-aligned,134,32
3007,Victoria University,2005,VIC,non-aligned,67,18
3004,Western Sydney University,2005,NSW,IRU,93,34
3006,Australian Catholic University,2004,OTHER,non-aligned,18,9
3003,Bond University ,2004,QLD,non-aligned,10,<5
2200,Central Queensland University,2004,QLD,RUN,17,7
3001,Charles Darwin University,2004,NT,non-aligned,21,8
3005,Charles Sturt University,2004,NSW,RUN,22,6
2236,Curtin University,2004,WA,ATN,148,56
3030,Deakin University,2004,VIC,ATN,95,14
2235,Edith Cowan University,2004,WA,non-aligned,54,30
2154,Federation University Australia,2004,VIC,RUN,19,10
3029,Flinders University,2004,SA,IRU,94,20
3032,Griffith University,2004,QLD,IRU,135,33
1019,James Cook University,2004,QLD,IRU,80,24
3020,La Trobe University,2004,VIC,IRU,128,22
3025,Macquarie University,2004,NSW,non-aligned,101,22
3035,Monash University,2004,VIC,Go8,330,115
1034,Murdoch University,2004,WA,IRU,89,15
3042,Queensland University of Technology,2004,QLD,non-aligned,118,55
3034,Royal Melbourne Institute of Technology,2004,VIC,ATN,154,99
3038,Southern Cross University,2004,NSW,RUN,50,12
2177,Swinburne University of Technology,2004,VIC,non-aligned,60,19
3033,The Australian National University,2004,ACT,Go8,231,29
3010,The University of Adelaide,2004,SA,Go8,191,29
3036,The University of Melbourne,2004,VIC,Go8,496,228
3044,The University of Notre Dame Australia,2004,WA,non-aligned,<5,0
3019,The University of Queensland,2004,QLD,Go8,419,95
3040,The University of Sydney,2004,NSW,Go8,444,153
1055,The University of Western Australia,2004,WA,Go8,231,71
2241,University of Canberra,2004,ACT,IRU,16,12
4331,University of Divinity,2004,VIC,non-aligned,6,15
3039,University of New England,2004,NSW,RUN,74,26
3013,University of New South Wales,2004,NSW,Go8,379,134
3014,University of Newcastle,2004,NSW,ATN,111,33
3027,University of South Australia,2004,SA,ATN,110,23
2201,University of Southern Queensland,2004,QLD,RUN,23,6
3045,University of Tasmania,2004,TAS,non-aligned,99,28
3016,University of Technology Sydney,2004,NSW,ATN,83,42
3043,University of the Sunshine Coast,2004,QLD,RUN,<5,<5
1058,University of Wollongong,2004,NSW,non-aligned,100,21
3007,Victoria University,2004,VIC,non-aligned,62,19
3004,Western Sydney University,2004,NSW,IRU,78,22
3006,Australian Catholic University,2003,OTHER,non-aligned,10,5
3003,Bond University ,2003,QLD,non-aligned,6,<5
2200,Central Queensland University,2003,QLD,RUN,20,11
3001,Charles Darwin University,2003,NT,non-aligned,15,6
3005,Charles Sturt University,2003,NSW,RUN,41,9
2236,Curtin University,2003,WA,ATN,158,59
3030,Deakin University,2003,VIC,ATN,96,19
2235,Edith Cowan University,2003,WA,non-aligned,37,43
2154,Federation University Australia,2003,VIC,RUN,17,14
3029,Flinders University,2003,SA,IRU,78,18
3032,Griffith University,2003,QLD,IRU,128,39
1019,James Cook University,2003,QLD,IRU,63,30
3020,La Trobe University,2003,VIC,IRU,142,34
3025,Macquarie University,2003,NSW,non-aligned,99,39
3035,Monash University,2003,VIC,Go8,338,107
1034,Murdoch University,2003,WA,IRU,86,9
3042,Queensland University of Technology,2003,QLD,non-aligned,113,62
3034,Royal Melbourne Institute of Technology,2003,VIC,ATN,135,106
3038,Southern Cross University,2003,NSW,RUN,67,<5
2177,Swinburne University of Technology,2003,VIC,non-aligned,48,27
3033,The Australian National University,2003,ACT,Go8,222,31
3010,The University of Adelaide,2003,SA,Go8,215,27
3036,The University of Melbourne,2003,VIC,Go8,465,229
3044,The University of Notre Dame Australia,2003,WA,non-aligned,<5,0
3019,The University of Queensland,2003,QLD,Go8,456,92
3040,The University of Sydney,2003,NSW,Go8,418,132
1055,The University of Western Australia,2003,WA,Go8,211,57
2241,University of Canberra,2003,ACT,IRU,23,18
4331,University of Divinity,2003,VIC,non-aligned,<5,11
3039,University of New England,2003,NSW,RUN,83,29
3013,University of New South Wales,2003,NSW,Go8,262,70
3014,University of Newcastle,2003,NSW,ATN,123,50
3027,University of South Australia,2003,SA,ATN,93,34
2201,University of Southern Queensland,2003,QLD,RUN,19,10
3045,University of Tasmania,2003,TAS,non-aligned,116,36
3016,University of Technology Sydney,2003,NSW,ATN,76,37
3043,University of the Sunshine Coast,2003,QLD,RUN,<5,<5
1058,University of Wollongong,2003,NSW,non-aligned,103,31
3007,Victoria University,2003,VIC,non-aligned,47,15
3004,Western Sydney University,2003,NSW,IRU,91,37
3006,Australian Catholic University,2002,OTHER,non-aligned,13,7
3003,Bond University ,2002,QLD,non-aligned,<5,<5
2200,Central Queensland University,2002,QLD,RUN,19,9
3001,Charles Darwin University,2002,NT,non-aligned,19,6
3005,Charles Sturt University,2002,NSW,RUN,23,<5
2236,Curtin University,2002,WA,ATN,91,38
3030,Deakin University,2002,VIC,ATN,93,28
2235,Edith Cowan University,2002,WA,non-aligned,37,36
2154,Federation University Australia,2002,VIC,RUN,<5,8
3029,Flinders University,2002,SA,IRU,84,22
3032,Griffith University,2002,QLD,IRU,105,33
1019,James Cook University,2002,QLD,IRU,69,22
3020,La Trobe University,2002,VIC,IRU,137,30
3025,Macquarie University,2002,NSW,non-aligned,88,16
3035,Monash University,2002,VIC,Go8,324,130
1034,Murdoch University,2002,WA,IRU,87,5
3042,Queensland University of Technology,2002,QLD,non-aligned,95,54
3034,Royal Melbourne Institute of Technology,2002,VIC,ATN,108,117
3038,Southern Cross University,2002,NSW,RUN,60,15
2177,Swinburne University of Technology,2002,VIC,non-aligned,37,24
3033,The Australian National University,2002,ACT,Go8,212,24
3010,The University of Adelaide,2002,SA,Go8,190,36
3036,The University of Melbourne,2002,VIC,Go8,438,225
3044,The University of Notre Dame Australia,2002,WA,non-aligned,<5,<5
3019,The University of Queensland,2002,QLD,Go8,379,105
3040,The University of Sydney,2002,NSW,Go8,393,124
1055,The University of Western Australia,2002,WA,Go8,185,68
2241,University of Canberra,2002,ACT,IRU,18,23
4331,University of Divinity,2002,VIC,non-aligned,5,13
3039,University of New England,2002,NSW,RUN,69,32
3013,University of New South Wales,2002,NSW,Go8,329,70
3014,University of Newcastle,2002,NSW,ATN,68,38
3027,University of South Australia,2002,SA,ATN,83,17
2201,University of Southern Queensland,2002,QLD,RUN,11,9
3045,University of Tasmania,2002,TAS,non-aligned,104,31
3016,University of Technology Sydney,2002,NSW,ATN,78,39
3043,University of the Sunshine Coast,2002,QLD,RUN,0,<5
1058,University of Wollongong,2002,NSW,non-aligned,104,34
3007,Victoria University,2002,VIC,non-aligned,54,14
3004,Western Sydney University,2002,NSW,IRU,71,41
3006,Australian Catholic University,2001,OTHER,non-aligned,5,8
3003,Bond University ,2001,QLD,non-aligned,5,<5
2200,Central Queensland University,2001,QLD,RUN,13,12
3001,Charles Darwin University,2001,NT,non-aligned,17,7
3005,Charles Sturt University,2001,NSW,RUN,19,6
2236,Curtin University,2001,WA,ATN,73,44
3030,Deakin University,2001,VIC,ATN,83,26
2235,Edith Cowan University,2001,WA,non-aligned,26,33
2154,Federation University Australia,2001,VIC,RUN,11,<5
3029,Flinders University,2001,SA,IRU,76,19
3032,Griffith University,2001,QLD,IRU,89,37
1019,James Cook University,2001,QLD,IRU,71,27
3020,La Trobe University,2001,VIC,IRU,133,35
3025,Macquarie University,2001,NSW,non-aligned,95,23
3035,Monash University,2001,VIC,Go8,267,126
1034,Murdoch University,2001,WA,IRU,77,11
3042,Queensland University of Technology,2001,QLD,non-aligned,85,51
3034,Royal Melbourne Institute of Technology,2001,VIC,ATN,100,87
3038,Southern Cross University,2001,NSW,RUN,34,14
2177,Swinburne University of Technology,2001,VIC,non-aligned,47,27
3033,The Australian National University,2001,ACT,Go8,254,31
3010,The University of Adelaide,2001,SA,Go8,177,30
3036,The University of Melbourne,2001,VIC,Go8,363,225
3044,The University of Notre Dame Australia,2001,WA,non-aligned,0,<5
3019,The University of Queensland,2001,QLD,Go8,317,107
3040,The University of Sydney,2001,NSW,Go8,416,127
1055,The University of Western Australia,2001,WA,Go8,167,82
2241,University of Canberra,2001,ACT,IRU,20,16
4331,University of Divinity,2001,VIC,non-aligned,5,19
3039,University of New England,2001,NSW,RUN,63,34
3013,University of New South Wales,2001,NSW,Go8,309,84
3014,University of Newcastle,2001,NSW,ATN,74,37
3027,University of South Australia,2001,SA,ATN,62,29
2201,University of Southern Queensland,2001,QLD,RUN,18,10
3045,University of Tasmania,2001,TAS,non-aligned,95,27
3016,University of Technology Sydney,2001,NSW,ATN,85,37
3043,University of the Sunshine Coast,2001,QLD,RUN,<5,<5
1058,University of Wollongong,2001,NSW,non-aligned,81,41
3007,Victoria University,2001,VIC,non-aligned,45,16
3004,Western Sydney University,2001,NSW,IRU,54,37
3006,Australian Catholic University,2000,OTHER,non-aligned,5,9
3003,Bond University ,2000,QLD,non-aligned,0,<5
2200,Central Queensland University,2000,QLD,RUN,13,15
3001,Charles Darwin University,2000,NT,non-aligned,11,9
3005,Charles Sturt University,2000,NSW,RUN,18,6
2236,Curtin University,2000,WA,ATN,91,35
3030,Deakin University,2000,VIC,ATN,68,27
2235,Edith Cowan University,2000,WA,non-aligned,29,53
2154,Federation University Australia,2000,VIC,RUN,11,10
3029,Flinders University,2000,SA,IRU,65,20
3032,Griffith University,2000,QLD,IRU,77,24
1019,James Cook University,2000,QLD,IRU,69,42
3020,La Trobe University,2000,VIC,IRU,145,44
3025,Macquarie University,2000,NSW,non-aligned,95,23
3035,Monash University,2000,VIC,Go8,254,138
1034,Murdoch University,2000,WA,IRU,54,8
3042,Queensland University of Technology,2000,QLD,non-aligned,77,66
3034,Royal Melbourne Institute of Technology,2000,VIC,ATN,81,125
3038,Southern Cross University,2000,NSW,RUN,22,7
2177,Swinburne University of Technology,2000,VIC,non-aligned,25,38
3033,The Australian National University,2000,ACT,Go8,228,34
3010,The University of Adelaide,2000,SA,Go8,160,26
3036,The University of Melbourne,2000,VIC,Go8,387,196
3019,The University of Queensland,2000,QLD,Go8,333,107
3040,The University of Sydney,2000,NSW,Go8,384,139
1055,The University of Western Australia,2000,WA,Go8,175,59
2241,University of Canberra,2000,ACT,IRU,10,26
4331,University of Divinity,2000,VIC,non-aligned,5,10
3039,University of New England,2000,NSW,RUN,72,31
3013,University of New South Wales,2000,NSW,Go8,291,83
3014,University of Newcastle,2000,NSW,ATN,104,41
3027,University of South Australia,2000,SA,ATN,71,31
2201,University of Southern Queensland,2000,QLD,RUN,18,7
3045,University of Tasmania,2000,TAS,non-aligned,88,30
3016,University of Technology Sydney,2000,NSW,ATN,60,31
3043,University of the Sunshine Coast,2000,QLD,RUN,<5,0
1058,University of Wollongong,2000,NSW,non-aligned,101,30
3007,Victoria University,2000,VIC,non-aligned,32,21
3004,Western Sydney University,2000,NSW,IRU,63,33
3006,Australian Catholic University,1999,OTHER,non-aligned,9,<5
2200,Central Queensland University,1999,QLD,RUN,15,9
3001,Charles Darwin University,1999,NT,non-aligned,16,10
3005,Charles Sturt University,1999,NSW,RUN,20,7
2236,Curtin University,1999,WA,ATN,84,61
3030,Deakin University,1999,VIC,ATN,70,33
2235,Edith Cowan University,1999,WA,non-aligned,16,38
2154,Federation University Australia,1999,VIC,RUN,<5,5
3029,Flinders University,1999,SA,IRU,52,16
3032,Griffith University,1999,QLD,IRU,73,12
1019,James Cook University,1999,QLD,IRU,80,42
3020,La Trobe University,1999,VIC,IRU,111,41
3025,Macquarie University,1999,NSW,non-aligned,101,40
3035,Monash University,1999,VIC,Go8,278,113
1034,Murdoch University,1999,WA,IRU,68,<5
3042,Queensland University of Technology,1999,QLD,non-aligned,97,63
3034,Royal Melbourne Institute of Technology,1999,VIC,ATN,98,175
3038,Southern Cross University,1999,NSW,RUN,33,12
2177,Swinburne University of Technology,1999,VIC,non-aligned,23,45
3033,The Australian National University,1999,ACT,Go8,219,42
3010,The University of Adelaide,1999,SA,Go8,170,30
3036,The University of Melbourne,1999,VIC,Go8,339,204
3019,The University of Queensland,1999,QLD,Go8,340,107
3040,The University of Sydney,1999,NSW,Go8,342,158
1055,The University of Western Australia,1999,WA,Go8,167,66
2241,University of Canberra,1999,ACT,IRU,12,35
3039,University of New England,1999,NSW,RUN,66,33
3013,University of New South Wales,1999,NSW,Go8,310,68
3014,University of Newcastle,1999,NSW,ATN,74,29
3027,University of South Australia,1999,SA,ATN,61,25
2201,University of Southern Queensland,1999,QLD,RUN,11,9
3045,University of Tasmania,1999,TAS,non-aligned,92,17
3016,University of Technology Sydney,1999,NSW,ATN,57,28
3043,University of the Sunshine Coast,1999,QLD,RUN,<5,<5
1058,University of Wollongong,1999,NSW,non-aligned,94,30
3007,Victoria University,1999,VIC,non-aligned,18,17
3004,Western Sydney University,1999,NSW,IRU,44,26
3006,Australian Catholic University,1998,OTHER,non-aligned,6,8
2200,Central Queensland University,1998,QLD,RUN,8,10
3001,Charles Darwin University,1998,NT,non-aligned,8,5
3005,Charles Sturt University,1998,NSW,RUN,15,7
2236,Curtin University,1998,WA,ATN,69,51
3030,Deakin University,1998,VIC,ATN,54,18
2235,Edith Cowan University,1998,WA,non-aligned,16,39
2154,Federation University Australia,1998,VIC,RUN,<5,10
3029,Flinders University,1998,SA,IRU,84,8
3032,Griffith University,1998,QLD,IRU,84,27
1019,James Cook University,1998,QLD,IRU,58,25
3020,La Trobe University,1998,VIC,IRU,128,46
3025,Macquarie University,1998,NSW,non-aligned,102,37
3035,Monash University,1998,VIC,Go8,254,139
1034,Murdoch University,1998,WA,IRU,64,15
3042,Queensland University of Technology,1998,QLD,non-aligned,100,73
3034,Royal Melbourne Institute of Technology,1998,VIC,ATN,69,128
3038,Southern Cross University,1998,NSW,RUN,19,18
2177,Swinburne University of Technology,1998,VIC,non-aligned,27,31
3033,The Australian National University,1998,ACT,Go8,231,34
3010,The University of Adelaide,1998,SA,Go8,162,24
3036,The University of Melbourne,1998,VIC,Go8,303,176
3019,The University of Queensland,1998,QLD,Go8,316,123
3040,The University of Sydney,1998,NSW,Go8,330,140
1055,The University of Western Australia,1998,WA,Go8,183,73
2241,University of Canberra,1998,ACT,IRU,9,27
3039,University of New England,1998,NSW,RUN,74,53
3013,University of New South Wales,1998,NSW,Go8,287,76
3014,University of Newcastle,1998,NSW,ATN,66,39
3027,University of South Australia,1998,SA,ATN,47,29
2201,University of Southern Queensland,1998,QLD,RUN,14,12
3045,University of Tasmania,1998,TAS,non-aligned,85,23
3016,University of Technology Sydney,1998,NSW,ATN,52,28
3043,University of the Sunshine Coast,1998,QLD,RUN,<5,<5
1058,University of Wollongong,1998,NSW,non-aligned,52,24
3007,Victoria University,1998,VIC,non-aligned,29,31
3004,Western Sydney University,1998,NSW,IRU,38,26
3006,Australian Catholic University,1997,OTHER,non-aligned,<5,<5
2200,Central Queensland University,1997,QLD,RUN,6,12
3001,Charles Darwin University,1997,NT,non-aligned,12,17
3005,Charles Sturt University,1997,NSW,RUN,12,12
2236,Curtin University,1997,WA,ATN,61,57
3030,Deakin University,1997,VIC,ATN,38,25
2235,Edith Cowan University,1997,WA,non-aligned,10,42
2154,Federation University Australia,1997,VIC,RUN,<5,5
3029,Flinders University,1997,SA,IRU,74,18
3032,Griffith University,1997,QLD,IRU,61,27
1019,James Cook University,1997,QLD,IRU,69,27
3020,La Trobe University,1997,VIC,IRU,129,48
3025,Macquarie University,1997,NSW,non-aligned,83,38
3035,Monash University,1997,VIC,Go8,249,184
1034,Murdoch University,1997,WA,IRU,54,9
3042,Queensland University of Technology,1997,QLD,non-aligned,55,61
3034,Royal Melbourne Institute of Technology,1997,VIC,ATN,59,124
3038,Southern Cross University,1997,NSW,RUN,15,14
2177,Swinburne University of Technology,1997,VIC,non-aligned,30,46
3033,The Australian National University,1997,ACT,Go8,233,34
3010,The University of Adelaide,1997,SA,Go8,165,42
3036,The University of Melbourne,1997,VIC,Go8,301,193
3019,The University of Queensland,1997,QLD,Go8,311,117
3040,The University of Sydney,1997,NSW,Go8,380,133
1055,The University of Western Australia,1997,WA,Go8,147,65
2241,University of Canberra,1997,ACT,IRU,5,15
3039,University of New England,1997,NSW,RUN,67,48
3013,University of New South Wales,1997,NSW,Go8,310,81
3014,University of Newcastle,1997,NSW,ATN,80,60
3027,University of South Australia,1997,SA,ATN,50,26
2201,University of Southern Queensland,1997,QLD,RUN,<5,17
3045,University of Tasmania,1997,TAS,non-aligned,64,29
3016,University of Technology Sydney,1997,NSW,ATN,44,43
1058,University of Wollongong,1997,NSW,non-aligned,99,43
3007,Victoria University,1997,VIC,non-aligned,35,26
3004,Western Sydney University,1997,NSW,IRU,33,35
3006,Australian Catholic University,1996,OTHER,non-aligned,<5,5
2200,Central Queensland University,1996,QLD,RUN,7,9
3001,Charles Darwin University,1996,NT,non-aligned,<5,38
3005,Charles Sturt University,1996,NSW,RUN,<5,<5
2236,Curtin University,1996,WA,ATN,46,57
3030,Deakin University,1996,VIC,ATN,30,34
2235,Edith Cowan University,1996,WA,non-aligned,6,45
2154,Federation University Australia,1996,VIC,RUN,<5,5
3029,Flinders University,1996,SA,IRU,62,21
3032,Griffith University,1996,QLD,IRU,76,22
1019,James Cook University,1996,QLD,IRU,69,36
3020,La Trobe University,1996,VIC,IRU,90,61
3025,Macquarie University,1996,NSW,non-aligned,54,35
3035,Monash University,1996,VIC,Go8,231,174
1034,Murdoch University,1996,WA,IRU,63,11
3042,Queensland University of Technology,1996,QLD,non-aligned,54,66
3034,Royal Melbourne Institute of Technology,1996,VIC,ATN,41,98
3038,Southern Cross University,1996,NSW,RUN,9,13
2177,Swinburne University of Technology,1996,VIC,non-aligned,27,40
3033,The Australian National University,1996,ACT,Go8,133,28
3010,The University of Adelaide,1996,SA,Go8,172,34
3036,The University of Melbourne,1996,VIC,Go8,294,202
3019,The University of Queensland,1996,QLD,Go8,299,111
3040,The University of Sydney,1996,NSW,Go8,307,113
1055,The University of Western Australia,1996,WA,Go8,144,69
2241,University of Canberra,1996,ACT,IRU,8,35
3039,University of New England,1996,NSW,RUN,77,42
3013,University of New South Wales,1996,NSW,Go8,255,100
3014,University of Newcastle,1996,NSW,ATN,75,53
3027,University of South Australia,1996,SA,ATN,23,30
2201,University of Southern Queensland,1996,QLD,RUN,<5,20
3045,University of Tasmania,1996,TAS,non-aligned,73,37
3016,University of Technology Sydney,1996,NSW,ATN,37,38
1058,University of Wollongong,1996,NSW,non-aligned,94,35
3007,Victoria University,1996,VIC,non-aligned,16,16
3004,Western Sydney University,1996,NSW,IRU,23,27
3006,Australian Catholic University,1995,OTHER,non-aligned,0,5
2200,Central Queensland University,1995,QLD,RUN,<5,10
3001,Charles Darwin University,1995,NT,non-aligned,6,20
3005,Charles Sturt University,1995,NSW,RUN,<5,9
2236,Curtin University,1995,WA,ATN,54,68
3030,Deakin University,1995,VIC,ATN,28,30
2235,Edith Cowan University,1995,WA,non-aligned,<5,35
2154,Federation University Australia,1995,VIC,RUN,<5,<5
3029,Flinders University,1995,SA,IRU,64,22
3032,Griffith University,1995,QLD,IRU,46,19
1019,James Cook University,1995,QLD,IRU,63,42
3020,La Trobe University,1995,VIC,IRU,101,59
3025,Macquarie University,1995,NSW,non-aligned,69,30
3035,Monash University,1995,VIC,Go8,214,231
1034,Murdoch University,1995,WA,IRU,38,8
3042,Queensland University of Technology,1995,QLD,non-aligned,24,55
3034,Royal Melbourne Institute of Technology,1995,VIC,ATN,36,101
3038,Southern Cross University,1995,NSW,RUN,<5,15
2177,Swinburne University of Technology,1995,VIC,non-aligned,<5,23
3033,The Australian National University,1995,ACT,Go8,143,19
3010,The University of Adelaide,1995,SA,Go8,119,38
3036,The University of Melbourne,1995,VIC,Go8,257,222
3019,The University of Queensland,1995,QLD,Go8,224,106
3040,The University of Sydney,1995,NSW,Go8,262,126
1055,The University of Western Australia,1995,WA,Go8,113,75
2241,University of Canberra,1995,ACT,IRU,7,23
3039,University of New England,1995,NSW,RUN,62,47
3013,University of New South Wales,1995,NSW,Go8,251,101
3014,University of Newcastle,1995,NSW,ATN,35,44
3027,University of South Australia,1995,SA,ATN,12,27
2201,University of Southern Queensland,1995,QLD,RUN,0,17
3045,University of Tasmania,1995,TAS,non-aligned,66,23
3016,University of Technology Sydney,1995,NSW,ATN,35,49
1058,University of Wollongong,1995,NSW,non-aligned,71,42
3007,Victoria University,1995,VIC,non-aligned,7,15
3004,Western Sydney University,1995,NSW,IRU,8,14
3006,Australian Catholic University,1994,OTHER,non-aligned,0,16
2200,Central Queensland University,1994,QLD,RUN,<5,11
3001,Charles Darwin University,1994,NT,non-aligned,<5,15
3005,Charles Sturt University,1994,NSW,RUN,<5,<5
2236,Curtin University,1994,WA,ATN,22,71
3030,Deakin University,1994,VIC,ATN,27,30
2235,Edith Cowan University,1994,WA,non-aligned,<5,28
2154,Federation University Australia,1994,VIC,RUN,0,<5
3029,Flinders University,1994,SA,IRU,67,22
3032,Griffith University,1994,QLD,IRU,32,13
1019,James Cook University,1994,QLD,IRU,46,31
3020,La Trobe University,1994,VIC,IRU,98,59
3025,Macquarie University,1994,NSW,non-aligned,58,37
3035,Monash University,1994,VIC,Go8,182,174
1034,Murdoch University,1994,WA,IRU,53,14
3042,Queensland University of Technology,1994,QLD,non-aligned,31,69
3034,Royal Melbourne Institute of Technology,1994,VIC,ATN,43,134
3038,Southern Cross University,1994,NSW,RUN,<5,7
2177,Swinburne University of Technology,1994,VIC,non-aligned,7,74
3033,The Australian National University,1994,ACT,Go8,139,22
3010,The University of Adelaide,1994,SA,Go8,142,35
3036,The University of Melbourne,1994,VIC,Go8,206,156
3019,The University of Queensland,1994,QLD,Go8,235,106
3040,The University of Sydney,1994,NSW,Go8,244,142
1055,The University of Western Australia,1994,WA,Go8,114,65
2241,University of Canberra,1994,ACT,IRU,<5,39
3039,University of New England,1994,NSW,RUN,39,28
3013,University of New South Wales,1994,NSW,Go8,227,98
3014,University of Newcastle,1994,NSW,ATN,42,36
3027,University of South Australia,1994,SA,ATN,7,16
2201,University of Southern Queensland,1994,QLD,RUN,0,15
3045,University of Tasmania,1994,TAS,non-aligned,43,16
3016,University of Technology Sydney,1994,NSW,ATN,20,44
1058,University of Wollongong,1994,NSW,non-aligned,59,35
3007,Victoria University,1994,VIC,non-aligned,<5,20
3004,Western Sydney University,1994,NSW,IRU,<5,43
3006,Australian Catholic University,1993,OTHER,non-aligned,0,6
2200,Central Queensland University,1993,QLD,RUN,<5,5
3001,Charles Darwin University,1993,NT,non-aligned,5,8
3005,Charles Sturt University,1993,NSW,RUN,0,<5
2236,Curtin University,1993,WA,ATN,15,39
3030,Deakin University,1993,VIC,ATN,20,25
2235,Edith Cowan University,1993,WA,non-aligned,<5,15
2154,Federation University Australia,1993,VIC,RUN,0,<5
3029,Flinders University,1993,SA,IRU,47,15
3032,Griffith University,1993,QLD,IRU,24,10
1019,James Cook University,1993,QLD,IRU,30,22
3020,La Trobe University,1993,VIC,IRU,82,38
3025,Macquarie University,1993,NSW,non-aligned,67,36
3035,Monash University,1993,VIC,Go8,144,109
1034,Murdoch University,1993,WA,IRU,28,12
3042,Queensland University of Technology,1993,QLD,non-aligned,8,47
3034,Royal Melbourne Institute of Technology,1993,VIC,ATN,7,69
2177,Swinburne University of Technology,1993,VIC,non-aligned,<5,53
3033,The Australian National University,1993,ACT,Go8,133,27
3010,The University of Adelaide,1993,SA,Go8,94,24
3036,The University of Melbourne,1993,VIC,Go8,156,101
3019,The University of Queensland,1993,QLD,Go8,243,84
3040,The University of Sydney,1993,NSW,Go8,217,140
1055,The University of Western Australia,1993,WA,Go8,80,66
2241,University of Canberra,1993,ACT,IRU,<5,31
3039,University of New England,1993,NSW,RUN,42,42
3013,University of New South Wales,1993,NSW,Go8,162,116
3014,University of Newcastle,1993,NSW,ATN,47,39
3027,University of South Australia,1993,SA,ATN,<5,16
2201,University of Southern Queensland,1993,QLD,RUN,0,13
3045,University of Tasmania,1993,TAS,non-aligned,71,28
3016,University of Technology Sydney,1993,NSW,ATN,11,26
1058,University of Wollongong,1993,NSW,non-aligned,49,35
3007,Victoria University,1993,VIC,non-aligned,<5,6
3004,Western Sydney University,1993,NSW,IRU,0,40
2200,Central Queensland University,1992,QLD,RUN,0,5
3001,Charles Darwin University,1992,NT,non-aligned,<5,9
3005,Charles Sturt University,1992,NSW,RUN,0,5
2236,Curtin University,1992,WA,ATN,<5,27
3030,Deakin University,1992,VIC,ATN,22,16
2235,Edith Cowan University,1992,WA,non-aligned,0,16
2154,Federation University Australia,1992,VIC,RUN,0,5
3029,Flinders University,1992,SA,IRU,29,10
3032,Griffith University,1992,QLD,IRU,27,8
1019,James Cook University,1992,QLD,IRU,26,19
3020,La Trobe University,1992,VIC,IRU,71,36
3025,Macquarie University,1992,NSW,non-aligned,41,32
3035,Monash University,1992,VIC,Go8,83,43
1034,Murdoch University,1992,WA,IRU,26,14
3042,Queensland University of Technology,1992,QLD,non-aligned,<5,32
3034,Royal Melbourne Institute of Technology,1992,VIC,ATN,9,33
2177,Swinburne University of Technology,1992,VIC,non-aligned,0,33
3033,The Australian National University,1992,ACT,Go8,143,31
3010,The University of Adelaide,1992,SA,Go8,79,29
3036,The University of Melbourne,1992,VIC,Go8,165,139
3019,The University of Queensland,1992,QLD,Go8,184,80
3040,The University of Sydney,1992,NSW,Go8,201,143
1055,The University of Western Australia,1992,WA,Go8,103,82
2241,University of Canberra,1992,ACT,IRU,<5,9
3039,University of New England,1992,NSW,RUN,37,33
3013,University of New South Wales,1992,NSW,Go8,157,84
3014,University of Newcastle,1992,NSW,ATN,39,37
3027,University of South Australia,1992,SA,ATN,<5,10
2201,University of Southern Queensland,1992,QLD,RUN,0,5
3045,University of Tasmania,1992,TAS,non-aligned,32,21
3016,University of Technology Sydney,1992,NSW,ATN,7,19
1058,University of Wollongong,1992,NSW,non-aligned,27,17
3007,Victoria University,1992,VIC,non-aligned,<5,24
3004,Western Sydney University,1992,NSW,IRU,<5,33
2200,Central Queensland University,1991,QLD,RUN,0,<5
3001,Charles Darwin University,1991,NT,non-aligned,0,6
2236,Curtin University,1991,WA,ATN,6,21
3030,Deakin University,1991,VIC,ATN,16,17
2235,Edith Cowan University,1991,WA,non-aligned,0,13
3029,Flinders University,1991,SA,IRU,41,13
3032,Griffith University,1991,QLD,IRU,34,11
1019,James Cook University,1991,QLD,IRU,38,43
3020,La Trobe University,1991,VIC,IRU,56,45
3025,Macquarie University,1991,NSW,non-aligned,64,35
3035,Monash University,1991,VIC,Go8,130,49
1034,Murdoch University,1991,WA,IRU,34,<5
3042,Queensland University of Technology,1991,QLD,non-aligned,<5,18
3034,Royal Melbourne Institute of Technology,1991,VIC,ATN,8,31
2177,Swinburne University of Technology,1991,VIC,non-aligned,<5,13
3033,The Australian National University,1991,ACT,Go8,140,18
3010,The University of Adelaide,1991,SA,Go8,81,24
3036,The University of Melbourne,1991,VIC,Go8,160,95
3019,The University of Queensland,1991,QLD,Go8,176,72
3040,The University of Sydney,1991,NSW,Go8,146,118
1055,The University of Western Australia,1991,WA,Go8,86,65
2241,University of Canberra,1991,ACT,IRU,0,14
3039,University of New England,1991,NSW,RUN,34,39
3013,University of New South Wales,1991,NSW,Go8,150,99
3014,University of Newcastle,1991,NSW,ATN,28,32
3027,University of South Australia,1991,SA,ATN,0,5
3045,University of Tasmania,1991,TAS,non-aligned,43,20
3016,University of Technology Sydney,1991,NSW,ATN,<5,7
1058,University of Wollongong,1991,NSW,non-aligned,40,29
3007,Victoria University,1991,VIC,non-aligned,0,<5
3004,Western Sydney University,1991,NSW,IRU,0,13
2200,Central Queensland University,1990,QLD,RUN,0,<5
3001,Charles Darwin University,1990,NT,non-aligned,0,<5
3005,Charles Sturt University,1990,NSW,RUN,0,<5
2236,Curtin University,1990,WA,ATN,6,27
3030,Deakin University,1990,VIC,ATN,16,9
2235,Edith Cowan University,1990,WA,non-aligned,0,<5
3029,Flinders University,1990,SA,IRU,31,10
3032,Griffith University,1990,QLD,IRU,16,10
1019,James Cook University,1990,QLD,IRU,30,17
3020,La Trobe University,1990,VIC,IRU,58,25
3025,Macquarie University,1990,NSW,non-aligned,48,26
3035,Monash University,1990,VIC,Go8,128,86
1034,Murdoch University,1990,WA,IRU,16,8
3042,Queensland University of Technology,1990,QLD,non-aligned,<5,14
3034,Royal Melbourne Institute of Technology,1990,VIC,ATN,<5,11
2177,Swinburne University of Technology,1990,VIC,non-aligned,<5,10
3033,The Australian National University,1990,ACT,Go8,184,20
3010,The University of Adelaide,1990,SA,Go8,63,26
3036,The University of Melbourne,1990,VIC,Go8,209,117
3019,The University of Queensland,1990,QLD,Go8,155,65
3040,The University of Sydney,1990,NSW,Go8,72,55
1055,The University of Western Australia,1990,WA,Go8,85,60
2241,University of Canberra,1990,ACT,IRU,0,7
3039,University of New England,1990,NSW,RUN,29,25
3013,University of New South Wales,1990,NSW,Go8,130,67
3014,University of Newcastle,1990,NSW,ATN,30,16
3027,University of South Australia,1990,SA,ATN,0,<5
2201,University of Southern Queensland,1990,QLD,RUN,0,<5
3045,University of Tasmania,1990,TAS,non-aligned,11,19
3016,University of Technology Sydney,1990,NSW,ATN,<5,19
1058,University of Wollongong,1990,NSW,non-aligned,34,23
3007,Victoria University,1990,VIC,non-aligned,0,<5
3004,Western Sydney University,1990,NSW,IRU,0,12
3001,Charles Darwin University,1989,NT,non-aligned,<5,0
2236,Curtin University,1989,WA,ATN,<5,7
3030,Deakin University,1989,VIC,ATN,18,15
2235,Edith Cowan University,1989,WA,non-aligned,0,<5
2154,Federation University Australia,1989,VIC,RUN,0,<5
3029,Flinders University,1989,SA,IRU,33,0
3032,Griffith University,1989,QLD,IRU,29,12
1019,James Cook University,1989,QLD,IRU,32,26
3020,La Trobe University,1989,VIC,IRU,57,24
3025,Macquarie University,1989,NSW,non-aligned,57,29
3035,Monash University,1989,VIC,Go8,121,0
1034,Murdoch University,1989,WA,IRU,29,<5
3042,Queensland University of Technology,1989,QLD,non-aligned,0,14
3034,Royal Melbourne Institute of Technology,1989,VIC,ATN,<5,9
2177,Swinburne University of Technology,1989,VIC,non-aligned,0,5
3033,The Australian National University,1989,ACT,Go8,130,18
3010,The University of Adelaide,1989,SA,Go8,81,34
3036,The University of Melbourne,1989,VIC,Go8,168,188
3019,The University of Queensland,1989,QLD,Go8,168,74
3040,The University of Sydney,1989,NSW,Go8,5,16
1055,The University of Western Australia,1989,WA,Go8,78,66
2241,University of Canberra,1989,ACT,IRU,0,12
3039,University of New England,1989,NSW,RUN,39,43
3013,University of New South Wales,1989,NSW,Go8,94,31
3014,University of Newcastle,1989,NSW,ATN,25,27
3027,University of South Australia,1989,SA,ATN,0,<5
3045,University of Tasmania,1989,TAS,non-aligned,13,45
3016,University of Technology Sydney,1989,NSW,ATN,<5,17
1058,University of Wollongong,1989,NSW,non-aligned,26,18
3007,Victoria University,1989,VIC,non-aligned,<5,<5
