Year,Institution_raw,doctorate_by_research,masters_by_research,hdr_completions,hdr_has_suppressed_np,total_completions,source,HEP_Code,Institution_canonical,rbg_total,rbg_rtp,rbg_rsp_like,rbg_total_covid_adj
2015,Charles Sturt University,93.0,11.0,104.0,False,9263.0,legacy_xls_table8,3005,Charles Sturt University,9246530,0.0,3448626.0,9246530.0
2015,Macquarie University,307.0,286.0,593.0,False,9344.0,legacy_xls_table8,3025,Macquarie University,35881820,0.0,13120484.0,35881820.0
2015,Southern Cross University,52.0,7.0,59.0,False,2569.0,legacy_xls_table8,3038,Southern Cross University,8188810,0.0,3299533.0,8188810.0
2015,The University of New England,85.0,12.0,97.0,False,3567.0,legacy_xls_table8,3039,University of New England,15254732,0.0,6163846.0,15254732.0
2015,The University of New South Wales,574.0,109.0,683.0,False,11968.0,legacy_xls_table8,3013,University of New South Wales,162308527,0.0,72401480.0,162308527.0
2015,The University of Newcastle,217.0,28.0,245.0,False,7286.0,legacy_xls_table8,3014,University of Newcastle,41093834,0.0,18915354.0,41093834.0
2015,The University of Wollongong,228.0,44.0,272.0,False,6687.0,legacy_xls_table8,1058,University of Wollongong,34881509,0.0,13837606.0,34881509.0
2015,University of Sydney,625.0,191.0,816.0,False,13653.0,legacy_xls_table8,3040,The University of Sydney,180566039,0.0,83030194.0,180566039.0
2015,University of Technology Sydney,188.0,30.0,218.0,False,9671.0,legacy_xls_table8,3016,University of Technology Sydney,26076110,0.0,10219083.0,26076110.0
2015,Western Sydney University,131.0,,131.0,True,8971.0,legacy_xls_table8,3004,Western Sydney University,17405056,0.0,7023708.0,17405056.0
2015,Deakin University,239.0,,239.0,True,10431.0,legacy_xls_table8,3030,Deakin University,26835057,0.0,10184205.0,26835057.0
2015,Federation University Australia(b),24.0,11.0,35.0,False,3830.0,legacy_xls_table8,2154,Federation University Australia,3840217,0.0,1317397.0,3840217.0
2015,La Trobe University,182.0,23.0,205.0,False,8712.0,legacy_xls_table8,3020,La Trobe University,28423711,0.0,11262157.0,28423711.0
2015,Monash University,735.0,126.0,861.0,False,16967.0,legacy_xls_table8,3035,Monash University,146892243,0.0,69277037.0,146892243.0
2015,RMIT University,242.0,36.0,278.0,False,16432.0,legacy_xls_table8,3034,Royal Melbourne Institute of Technology,31255496,0.0,11321906.0,31255496.0
2015,Swinburne University of Technology,123.0,18.0,141.0,False,6917.0,legacy_xls_table8,2177,Swinburne University of Technology,17768077,0.0,6607516.0,17768077.0
2015,The University of Melbourne,637.0,128.0,765.0,False,18155.0,legacy_xls_table8,3036,The University of Melbourne,186764595,0.0,88801991.0,186764595.0
2015,University of Divinity,2.0,,2.0,True,401.0,legacy_xls_table8,4331,University of Divinity,1595617,0.0,446675.0,1595617.0
2015,Victoria University,116.0,5.0,121.0,False,6781.0,legacy_xls_table8,3007,Victoria University,11299717,0.0,4105166.0,11299717.0
2015,Bond University,23.0,2.0,25.0,False,1612.0,legacy_xls_table8,3003,Bond University ,3339972,0.0,1526061.0,3339972.0
2015,Central Queensland University,30.0,12.0,42.0,False,4015.0,legacy_xls_table8,2200,Central Queensland University,5738541,0.0,2368583.0,5738541.0
2015,Griffith University,231.0,,231.0,True,10591.0,legacy_xls_table8,3032,Griffith University,37741170,0.0,15613716.0,37741170.0
2015,James Cook University,118.0,18.0,136.0,False,4449.0,legacy_xls_table8,1019,James Cook University,22889792,0.0,9849673.0,22889792.0
2015,Queensland University of Technology,322.0,102.0,424.0,False,11674.0,legacy_xls_table8,3042,Queensland University of Technology,47609881,0.0,18151163.0,47609881.0
2015,The University of Queensland,665.0,83.0,748.0,False,12079.0,legacy_xls_table8,3019,The University of Queensland,171104108,0.0,82335843.0,171104108.0
2015,University of Southern Queensland,57.0,2.0,59.0,False,4599.0,legacy_xls_table8,2201,University of Southern Queensland,7782177,0.0,2685859.0,7782177.0
2015,University of the Sunshine Coast,27.0,2.0,29.0,False,1991.0,legacy_xls_table8,3043,University of the Sunshine Coast,4153243,0.0,2071072.0,4153243.0
2015,Curtin University of Technology,259.0,33.0,292.0,False,10922.0,legacy_xls_table8,2236,Curtin University,39229674,0.0,15129797.0,39229674.0
2015,Edith Cowan University,88.0,36.0,124.0,False,5494.0,legacy_xls_table8,2235,Edith Cowan University,10943604,0.0,4020628.0,10943604.0
2015,Murdoch University,89.0,,89.0,True,5560.0,legacy_xls_table8,1034,Murdoch University,19278184,0.0,8137863.0,19278184.0
2015,The University of Notre Dame Australia,,14.0,14.0,True,2525.0,legacy_xls_table8,3044,The University of Notre Dame Australia,1215306,0.0,525193.0,1215306.0
2015,The University of Western Australia,318.0,54.0,372.0,False,7389.0,legacy_xls_table8,1055,The University of Western Australia,93278682,0.0,45380890.0,93278682.0
2015,Flinders University,131.0,15.0,146.0,False,5502.0,legacy_xls_table8,3029,Flinders University,27735339,0.0,11864220.0,27735339.0
2015,The University of Adelaide,330.0,71.0,401.0,False,6726.0,legacy_xls_table8,3010,The University of Adelaide,85629841,0.0,40473615.0,85629841.0
2015,University of South Australia,185.0,18.0,203.0,False,7452.0,legacy_xls_table8,3027,University of South Australia,32897095,0.0,13116818.0,32897095.0
2015,University of Tasmania,166.0,,166.0,True,5994.0,legacy_xls_table8,3045,University of Tasmania,42835164,0.0,18470929.0,42835164.0
2015,Batchelor Institute of Indigenous Tertiary Education(c),0.0,0.0,0.0,False,0.0,legacy_xls_table8,2246,Batchelor Institute of Indigenous Tertiary Education,367263,0.0,147513.0,367263.0
2015,Charles Darwin University(c),32.0,2.0,34.0,False,1550.0,legacy_xls_table8,3001,Charles Darwin University,14376654,0.0,7839378.0,14376654.0
2015,The Australian National University,368.0,36.0,404.0,False,6049.0,legacy_xls_table8,3033,The Australian National University,102188941,0.0,49211402.0,102188941.0
2015,University of Canberra,69.0,,69.0,True,3929.0,legacy_xls_table8,2241,University of Canberra,8859691,0.0,3853654.0,8859691.0
2015,Australian Catholic University,40.0,,40.0,True,6123.0,legacy_xls_table8,3006,Australian Catholic University,5677120,0.0,2353686.0,5677120.0
2016,Charles Sturt University,99.0,9.0,108.0,False,9393.0,legacy_xls_table8,3005,Charles Sturt University,9711613,0.0,3645134.0,9711613.0
2016,Macquarie University,284.0,254.0,538.0,False,8470.0,legacy_xls_table8,3025,Macquarie University,39545845,0.0,15062126.0,39545845.0
2016,Southern Cross University,60.0,6.0,66.0,False,2471.0,legacy_xls_table8,3038,Southern Cross University,7882839,0.0,3202881.0,7882839.0
2016,The University of New England,111.0,11.0,122.0,False,3326.0,legacy_xls_table8,3039,University of New England,15777898,0.0,6867208.0,15777898.0
2016,The University of Newcastle,228.0,,228.0,True,6985.0,legacy_xls_table8,3014,University of Newcastle,41325807,0.0,18521770.0,41325807.0
2016,The University of Sydney,679.0,194.0,873.0,False,14211.0,legacy_xls_table8,3040,The University of Sydney,180905301,0.0,83501214.0,180905301.0
2016,University of New South Wales,531.0,99.0,630.0,False,12309.0,legacy_xls_table8,3013,University of New South Wales,164081786,0.0,73405081.0,164081786.0
2016,University of Technology Sydney,178.0,28.0,206.0,False,10126.0,legacy_xls_table8,3016,University of Technology Sydney,27045701,0.0,10688454.0,27045701.0
2016,University of Wollongong,235.0,40.0,275.0,False,6970.0,legacy_xls_table8,1058,University of Wollongong,36142266,0.0,13819595.0,36142266.0
2016,Western Sydney University,130.0,,130.0,True,9190.0,legacy_xls_table8,3004,Western Sydney University,18171176,0.0,7464299.0,18171176.0
2016,Deakin University,259.0,,259.0,True,10458.0,legacy_xls_table8,3030,Deakin University,29100993,0.0,11052965.0,29100993.0
2016,Federation University Australia(a),24.0,2.0,26.0,False,3198.0,legacy_xls_table8,2154,Federation University Australia,3994058,0.0,1600080.0,3994058.0
2016,La Trobe University,181.0,21.0,202.0,False,8875.0,legacy_xls_table8,3020,La Trobe University,29456891,0.0,11510981.0,29456891.0
2016,Monash University,716.0,,716.0,True,18023.0,legacy_xls_table8,3035,Monash University,155160168,0.0,74599725.0,155160168.0
2016,RMIT University,246.0,34.0,280.0,False,16731.0,legacy_xls_table8,3034,Royal Melbourne Institute of Technology,33378279,0.0,12288157.0,33378279.0
2016,Swinburne University of Technology,121.0,11.0,132.0,False,6668.0,legacy_xls_table8,2177,Swinburne University of Technology,18390724,0.0,6664255.0,18390724.0
2016,The University of Melbourne,755.0,146.0,901.0,False,19285.0,legacy_xls_table8,3036,The University of Melbourne,185051844,0.0,90001835.0,185051844.0
2016,University of Divinity,18.0,2.0,20.0,False,446.0,legacy_xls_table8,4331,University of Divinity,1524294,0.0,471622.0,1524294.0
2016,Victoria University,118.0,,118.0,True,7387.0,legacy_xls_table8,3007,Victoria University,11417455,0.0,4301296.0,11417455.0
2016,Bond University,23.0,16.0,39.0,False,1846.0,legacy_xls_table8,3003,Bond University ,3851835,0.0,1926609.0,3851835.0
2016,CQUniversity,57.0,6.0,63.0,False,3889.0,legacy_xls_table8,2200,Central Queensland University,5951472,0.0,2408454.0,5951472.0
2016,Griffith University,333.0,21.0,354.0,False,10809.0,legacy_xls_table8,3032,Griffith University,38068583,0.0,15741710.0,38068583.0
2016,James Cook University,134.0,10.0,144.0,False,4100.0,legacy_xls_table8,1019,James Cook University,25086480,0.0,11418948.0,25086480.0
2016,Queensland University of Technology,303.0,128.0,431.0,False,11543.0,legacy_xls_table8,3042,Queensland University of Technology,50167105,0.0,19629158.0,50167105.0
2016,The University of Queensland,731.0,91.0,822.0,False,12045.0,legacy_xls_table8,3019,The University of Queensland,176655314,0.0,84804893.0,176655314.0
2016,University of Southern Queensland,79.0,,79.0,True,4472.0,legacy_xls_table8,2201,University of Southern Queensland,8273227,0.0,2974588.0,8273227.0
2016,University of the Sunshine Coast,28.0,6.0,34.0,False,2048.0,legacy_xls_table8,3043,University of the Sunshine Coast,4761828,0.0,2488112.0,4761828.0
2016,Curtin University of Technology,261.0,46.0,307.0,False,11157.0,legacy_xls_table8,2236,Curtin University,41290539,0.0,16538140.0,41290539.0
2016,Edith Cowan University,67.0,23.0,90.0,False,5428.0,legacy_xls_table8,2235,Edith Cowan University,11481866,0.0,4241360.0,11481866.0
2016,Murdoch University,110.0,,110.0,True,5565.0,legacy_xls_table8,1034,Murdoch University,18641169,0.0,8074373.0,18641169.0
2016,The University of Notre Dame Australia,8.0,,8.0,True,2605.0,legacy_xls_table8,3044,The University of Notre Dame Australia,1516024,0.0,730578.0,1516024.0
2016,The University of Western Australia,349.0,48.0,397.0,False,7299.0,legacy_xls_table8,1055,The University of Western Australia,91319416,0.0,43784634.0,91319416.0
2016,Flinders University,172.0,13.0,185.0,False,6073.0,legacy_xls_table8,3029,Flinders University,27669249,0.0,11920937.0,27669249.0
2016,The University of Adelaide,333.0,72.0,405.0,False,6941.0,legacy_xls_table8,3010,The University of Adelaide,87326232,0.0,41726828.0,87326232.0
2016,Torrens University Australia Limited,0.0,0.0,0.0,False,916.0,legacy_xls_table8,4449,Torrens University Australia,49500,0.0,2038.0,49500.0
2016,University of South Australia,199.0,,199.0,True,7339.0,legacy_xls_table8,3027,University of South Australia,34717915,0.0,14681239.0,34717915.0
2016,University of Tasmania,198.0,22.0,220.0,False,6925.0,legacy_xls_table8,3045,University of Tasmania,43188276,0.0,19035741.0,43188276.0
2016,Batchelor Institute of Indigenous Tertiary Education(b),0.0,0.0,0.0,False,0.0,legacy_xls_table8,2246,Batchelor Institute of Indigenous Tertiary Education,357738,0.0,141379.0,357738.0
2016,Charles Darwin University(b),32.0,9.0,41.0,False,1563.0,legacy_xls_table8,3001,Charles Darwin University,14558158,0.0,7902388.0,14558158.0
2016,The Australian National University,371.0,33.0,404.0,False,6021.0,legacy_xls_table8,3033,The Australian National University,105207986,0.0,50985347.0,105207986.0
2016,University of Canberra,65.0,2.0,67.0,False,4022.0,legacy_xls_table8,2241,University of Canberra,9288863,0.0,4059682.0,9288863.0
2016,Australian Catholic University,57.0,,57.0,True,6008.0,legacy_xls_table8,3006,Australian Catholic University,6935680,0.0,3468732.0,6935680.0
2017,Charles Sturt University,86.0,,86.0,True,8949.0,legacy_xls_table8,3005,Charles Sturt University,9891873,6168180.0,3723693.0,9891873.0
2017,Macquarie University,286.0,290.0,576.0,False,9310.0,legacy_xls_table8,3025,Macquarie University,41569920,26183178.0,15386742.0,41569920.0
2017,Southern Cross University,48.0,8.0,56.0,False,2837.0,legacy_xls_table8,3038,Southern Cross University,7688850,4416941.0,3271909.0,7688850.0
2017,The University of New England,96.0,12.0,108.0,False,3639.0,legacy_xls_table8,3039,University of New England,16338615,8913576.0,7425039.0,16338615.0
2017,The University of Newcastle,230.0,18.0,248.0,False,7193.0,legacy_xls_table8,3014,University of Newcastle,44439735,23386843.0,21052892.0,44439735.0
2017,The University of Sydney,701.0,190.0,891.0,False,15453.0,legacy_xls_table8,3040,The University of Sydney,184626389,97465365.0,87161024.0,184626389.0
2017,University of New South Wales,632.0,105.0,737.0,False,13010.0,legacy_xls_table8,3013,University of New South Wales,169061785,90616087.0,78445698.0,169061785.0
2017,University of Technology Sydney,219.0,,219.0,True,10652.0,legacy_xls_table8,3016,University of Technology Sydney,28346525,16689029.0,11657496.0,28346525.0
2017,University of Wollongong,241.0,39.0,280.0,False,7063.0,legacy_xls_table8,1058,University of Wollongong,36797735,22680303.0,14117432.0,36797735.0
2017,Western Sydney University,133.0,92.0,225.0,False,9163.0,legacy_xls_table8,3004,Western Sydney University,18258370,10633202.0,7625168.0,18258370.0
2017,Deakin University,214.0,9.0,223.0,False,9539.0,legacy_xls_table8,3030,Deakin University,30310136,19018960.0,11291176.0,30310136.0
2017,Federation University Australia(a),31.0,2.0,33.0,False,3221.0,legacy_xls_table8,2154,Federation University Australia,3863999,2229434.0,1634565.0,3863999.0
2017,La Trobe University,197.0,,197.0,True,8534.0,legacy_xls_table8,3020,La Trobe University,31745202,18188206.0,13556996.0,31745202.0
2017,Monash University,779.0,,779.0,True,19662.0,legacy_xls_table8,3035,Monash University,165579081,84211508.0,81367573.0,165579081.0
2017,RMIT University,305.0,37.0,342.0,False,17799.0,legacy_xls_table8,3034,Royal Melbourne Institute of Technology,34676492,21285641.0,13390851.0,34676492.0
2017,Swinburne University of Technology,133.0,9.0,142.0,False,6996.0,legacy_xls_table8,2177,Swinburne University of Technology,18444969,11637087.0,6807882.0,18444969.0
2017,The University of Melbourne,716.0,109.0,825.0,False,19986.0,legacy_xls_table8,3036,The University of Melbourne,191256995,95762452.0,95494543.0,191256995.0
2017,University of Divinity,10.0,2.0,12.0,False,392.0,legacy_xls_table8,4331,University of Divinity,1514531,934113.0,580418.0,1514531.0
2017,Victoria University,112.0,9.0,121.0,False,7007.0,legacy_xls_table8,3007,Victoria University,11704499,7310502.0,4393997.0,11704499.0
2017,Bond University,21.0,,21.0,True,1835.0,legacy_xls_table8,3003,Bond University ,3818892,1850761.0,1968131.0,3818892.0
2017,CQUniversity,47.0,8.0,55.0,False,3835.0,legacy_xls_table8,2200,Central Queensland University,5805057,3344697.0,2460360.0,5805057.0
2017,Griffith University,310.0,46.0,356.0,False,10682.0,legacy_xls_table8,3032,Griffith University,38818471,22303418.0,16515053.0,38818471.0
2017,James Cook University,130.0,,130.0,True,4607.0,legacy_xls_table8,1019,James Cook University,27049729,14167548.0,12882181.0,27049729.0
2017,Queensland University of Technology,330.0,95.0,425.0,False,11942.0,legacy_xls_table8,3042,Queensland University of Technology,52746006,30847741.0,21898265.0,52746006.0
2017,The University of Queensland,680.0,81.0,761.0,False,12580.0,legacy_xls_table8,3019,The University of Queensland,184605997,94632784.0,89973213.0,184605997.0
2017,University of Southern Queensland,72.0,,72.0,True,4096.0,legacy_xls_table8,2201,University of Southern Queensland,8313305,5244951.0,3068354.0,8313305.0
2017,University of the Sunshine Coast,34.0,2.0,36.0,False,2419.0,legacy_xls_table8,3043,University of the Sunshine Coast,5155268,2428891.0,2726377.0,5155268.0
2017,Curtin University,302.0,41.0,343.0,False,10546.0,legacy_xls_table8,2236,Curtin University,44098408,25318208.0,18780200.0,44098408.0
2017,Edith Cowan University,71.0,33.0,104.0,False,6068.0,legacy_xls_table8,2235,Edith Cowan University,11637219,7304450.0,4332769.0,11637219.0
2017,Murdoch University,98.0,,98.0,True,5305.0,legacy_xls_table8,1034,Murdoch University,18287694,10039304.0,8248390.0,18287694.0
2017,The University of Notre Dame Australia,23.0,,23.0,True,2656.0,legacy_xls_table8,3044,The University of Notre Dame Australia,1565690,819367.0,746323.0,1565690.0
2017,The University of Western Australia,298.0,59.0,357.0,False,6896.0,legacy_xls_table8,1055,The University of Western Australia,94929527,47829133.0,47100394.0,94929527.0
2017,Flinders University,119.0,10.0,129.0,False,5914.0,legacy_xls_table8,3029,Flinders University,28007339,15603441.0,12403898.0,28007339.0
2017,The University of Adelaide,365.0,,365.0,True,6937.0,legacy_xls_table8,3010,The University of Adelaide,89195340,46569225.0,42626115.0,89195340.0
2017,Torrens University Australia,0.0,0.0,0.0,False,929.0,legacy_xls_table8,4449,Torrens University Australia,50442,38872.0,11570.0,50442.0
2017,University of South Australia,195.0,15.0,210.0,False,7378.0,legacy_xls_table8,3027,University of South Australia,35694872,19846932.0,15847940.0,35694872.0
2017,University of Tasmania,215.0,,215.0,True,7945.0,legacy_xls_table8,3045,University of Tasmania,46477084,24257491.0,22219593.0,46477084.0
2017,Batchelor Institute of Indigenous Tertiary Education,2.0,0.0,2.0,False,2.0,legacy_xls_table8,2246,Batchelor Institute of Indigenous Tertiary Education,329589,185163.0,144426.0,329589.0
2017,Charles Darwin University,27.0,,27.0,True,1658.0,legacy_xls_table8,3001,Charles Darwin University,16196990,6968693.0,9228297.0,16196990.0
2017,The Australian National University,434.0,40.0,474.0,False,6835.0,legacy_xls_table8,3033,The Australian National University,115546110,55887941.0,59658169.0,115546110.0
2017,University of Canberra,60.0,,60.0,True,3956.0,legacy_xls_table8,2241,University of Canberra,9292422,5145247.0,4147175.0,9292422.0
2017,Australian Catholic University,39.0,7.0,46.0,False,5815.0,legacy_xls_table8,3006,Australian Catholic University,7083808,3540319.0,3543489.0,7083808.0
2018,Charles Sturt University,77.0,2.0,79.0,False,9534.0,legacy_xls_table8,3005,Charles Sturt University,9977098,6378816.0,3598282.0,9977098.0
2018,Macquarie University,288.0,268.0,556.0,False,10066.0,legacy_xls_table8,3025,Macquarie University,43897312,27882585.0,16014727.0,43897312.0
2018,Southern Cross University,38.0,8.0,46.0,False,3078.0,legacy_xls_table8,3038,Southern Cross University,7517808,4356094.0,3161714.0,7517808.0
2018,The University of New England,76.0,,76.0,True,3630.0,legacy_xls_table8,3039,University of New England,16344368,9072274.0,7272094.0,16344368.0
2018,The University of Newcastle,253.0,13.0,266.0,False,6467.0,legacy_xls_table8,3014,University of Newcastle,46241121,24081639.0,22159482.0,46241121.0
2018,The University of Sydney,315.0,88.0,403.0,False,16549.0,legacy_xls_table8,3040,The University of Sydney,185555796,97508015.0,88047781.0,185555796.0
2018,University of New South Wales,663.0,97.0,760.0,False,15244.0,legacy_xls_table8,3013,University of New South Wales,169425334,89661819.0,79763515.0,169425334.0
2018,University of Technology Sydney,251.0,35.0,286.0,False,11337.0,legacy_xls_table8,3016,University of Technology Sydney,29577152,17081143.0,12496009.0,29577152.0
2018,University of Wollongong,239.0,52.0,291.0,False,7695.0,legacy_xls_table8,1058,University of Wollongong,36485039,22740798.0,13744241.0,36485039.0
2018,Western Sydney University,142.0,73.0,215.0,False,9001.0,legacy_xls_table8,3004,Western Sydney University,18351729,10865765.0,7485964.0,18351729.0
2018,Deakin University,193.0,,193.0,True,11973.0,legacy_xls_table8,3030,Deakin University,31298257,19598296.0,11699961.0,31298257.0
2018,Federation University Australia(a),35.0,9.0,44.0,False,2785.0,legacy_xls_table8,2154,Federation University Australia,3749191,2169677.0,1579514.0,3749191.0
2018,La Trobe University,219.0,,219.0,True,9087.0,legacy_xls_table8,3020,La Trobe University,33442256,18381832.0,15060424.0,33442256.0
2018,Monash University,805.0,77.0,882.0,False,21862.0,legacy_xls_table8,3035,Monash University,170346130,87173023.0,83173107.0,170346130.0
2018,RMIT University,260.0,36.0,296.0,False,18737.0,legacy_xls_table8,3034,Royal Melbourne Institute of Technology,34204805,21264947.0,12939858.0,34204805.0
2018,Swinburne University of Technology,161.0,26.0,187.0,False,7465.0,legacy_xls_table8,2177,Swinburne University of Technology,18053570,11474972.0,6578598.0,18053570.0
2018,The University of Melbourne,872.0,147.0,1019.0,False,21388.0,legacy_xls_table8,3036,The University of Melbourne,197305438,98127748.0,99177690.0,197305438.0
2018,University of Divinity,,2.0,2.0,True,532.0,legacy_xls_table8,4331,University of Divinity,1575419,909458.0,665961.0,1575419.0
2018,Victoria University,91.0,,91.0,True,6676.0,legacy_xls_table8,3007,Victoria University,11724598,7478587.0,4246011.0,11724598.0
2018,Bond University,,2.0,2.0,True,1728.0,legacy_xls_table8,3003,Bond University ,3794841,1892995.0,1901846.0,3794841.0
2018,CQUniversity,35.0,13.0,48.0,False,4275.0,legacy_xls_table8,2200,Central Queensland University,5781826,3404329.0,2377497.0,5781826.0
2018,Griffith University,286.0,,286.0,True,10204.0,legacy_xls_table8,3032,Griffith University,40451111,23169577.0,17281534.0,40451111.0
2018,James Cook University,103.0,,103.0,True,4655.0,legacy_xls_table8,1019,James Cook University,26876338,14428018.0,12448320.0,26876338.0
2018,Queensland University of Technology,322.0,115.0,437.0,False,11588.0,legacy_xls_table8,3042,Queensland University of Technology,53587469,30990812.0,22596657.0,53587469.0
2018,The University of Queensland,579.0,69.0,648.0,False,12982.0,legacy_xls_table8,3019,The University of Queensland,187021523,96436308.0,90585215.0,187021523.0
2018,University of Southern Queensland,79.0,,79.0,True,4003.0,legacy_xls_table8,2201,University of Southern Queensland,8576565,5294434.0,3282131.0,8576565.0
2018,University of the Sunshine Coast,57.0,14.0,71.0,False,3035.0,legacy_xls_table8,3043,University of the Sunshine Coast,5999194,2776828.0,3222366.0,5999194.0
2018,Curtin University,279.0,,279.0,True,9451.0,legacy_xls_table8,2236,Curtin University,45602889,25859194.0,19743695.0,45602889.0
2018,Edith Cowan University,78.0,,78.0,True,5774.0,legacy_xls_table8,2235,Edith Cowan University,11292118,7105273.0,4186845.0,11292118.0
2018,Murdoch University,100.0,,100.0,True,4852.0,legacy_xls_table8,1034,Murdoch University,17819166,9848575.0,7970591.0,17819166.0
2018,The University of Notre Dame Australia,31.0,,31.0,True,3075.0,legacy_xls_table8,3044,The University of Notre Dame Australia,1550538,829351.0,721187.0,1550538.0
2018,The University of Western Australia,287.0,51.0,338.0,False,6814.0,legacy_xls_table8,1055,The University of Western Australia,94471933,48456942.0,46014991.0,94471933.0
2018,Flinders University,176.0,8.0,184.0,False,5998.0,legacy_xls_table8,3029,Flinders University,27847944,15608881.0,12239063.0,27847944.0
2018,The University of Adelaide,339.0,61.0,400.0,False,7009.0,legacy_xls_table8,3010,The University of Adelaide,88054687,46864184.0,41190503.0,88054687.0
2018,Torrens University Australia,2.0,2.0,4.0,False,2826.0,legacy_xls_table8,4449,Torrens University Australia,110830,45776.0,65054.0,110830.0
2018,University of South Australia,144.0,15.0,159.0,False,7180.0,legacy_xls_table8,3027,University of South Australia,35070473,19756278.0,15314195.0,35070473.0
2018,University of Tasmania,204.0,21.0,225.0,False,9751.0,legacy_xls_table8,3045,University of Tasmania,48079915,24642801.0,23437114.0,48079915.0
2018,Charles Darwin University,26.0,7.0,33.0,False,1708.0,legacy_xls_table8,3001,Charles Darwin University,17166591,7267253.0,9899338.0,17166591.0
2018,The Australian National University,361.0,,361.0,True,7534.0,legacy_xls_table8,3033,The Australian National University,120240294,57139186.0,63101108.0,120240294.0
2018,University of Canberra,66.0,8.0,74.0,False,3610.0,legacy_xls_table8,2241,University of Canberra,9148003,5140501.0,4007502.0,9148003.0
2018,Australian Catholic University,70.0,,70.0,True,7358.0,legacy_xls_table8,3006,Australian Catholic University,7194818,3770671.0,3424147.0,7194818.0
2019,Charles Sturt University,69.0,2.0,71.0,False,9488.0,legacy_xls_table8,3005,Charles Sturt University,9775148,6356780.0,3418368.0,9775148.0
2019,Macquarie University,287.0,274.0,561.0,False,9979.0,legacy_xls_table8,3025,Macquarie University,44258939,28464054.0,15794885.0,44258939.0
2019,Southern Cross University,33.0,2.0,35.0,False,3554.0,legacy_xls_table8,3038,Southern Cross University,7244773,4241145.0,3003628.0,7244773.0
2019,The University of New England,80.0,13.0,93.0,False,3854.0,legacy_xls_table8,3039,University of New England,16457931,9093954.0,7363977.0,16457931.0
2019,The University of Newcastle,242.0,10.0,252.0,False,6657.0,legacy_xls_table8,3014,University of Newcastle,47047392,24388898.0,22658494.0,47047392.0
2019,The University of Sydney,698.0,158.0,856.0,False,17766.0,legacy_xls_table8,3040,The University of Sydney,179952223,95918046.0,84034177.0,179952223.0
2019,University of New South Wales,705.0,127.0,832.0,False,16200.0,legacy_xls_table8,3013,University of New South Wales,171497997,88663435.0,82834562.0,171497997.0
2019,University of Technology Sydney,292.0,25.0,317.0,False,11964.0,legacy_xls_table8,3016,University of Technology Sydney,30648528,17385148.0,13263380.0,30648528.0
2019,University of Wollongong,235.0,38.0,273.0,False,7746.0,legacy_xls_table8,1058,University of Wollongong,37693648,22840259.0,14853389.0,37693648.0
2019,Western Sydney University,146.0,,146.0,True,9512.0,legacy_xls_table8,3004,Western Sydney University,19174253,11134979.0,8039274.0,19174253.0
2019,Deakin University,243.0,,243.0,True,13227.0,legacy_xls_table8,3030,Deakin University,32777494,19751088.0,13026406.0,32777494.0
2019,Federation University Australia(a),32.0,,32.0,True,3418.0,legacy_xls_table8,2154,Federation University Australia,3624742,2124204.0,1500538.0,3624742.0
2019,La Trobe University,218.0,12.0,230.0,False,9022.0,legacy_xls_table8,3020,La Trobe University,34233061,18340530.0,15892531.0,34233061.0
2019,Monash University,791.0,,791.0,True,23758.0,legacy_xls_table8,3035,Monash University,169985480,88128795.0,81856685.0,169985480.0
2019,RMIT University,326.0,31.0,357.0,False,19413.0,legacy_xls_table8,3034,Royal Melbourne Institute of Technology,33438797,21145932.0,12292865.0,33438797.0
2019,Swinburne University of Technology,171.0,19.0,190.0,False,7556.0,legacy_xls_table8,2177,Swinburne University of Technology,17874038,11273569.0,6600469.0,17874038.0
2019,The University of Melbourne,854.0,112.0,966.0,False,22390.0,legacy_xls_table8,3036,The University of Melbourne,204472821,99880895.0,104591926.0,204472821.0
2019,University of Divinity,18.0,2.0,20.0,False,631.0,legacy_xls_table8,4331,University of Divinity,1559767,888184.0,671583.0,1559767.0
2019,Victoria University,96.0,,96.0,True,7039.0,legacy_xls_table8,3007,Victoria University,11508114,7474404.0,4033710.0,11508114.0
2019,Bond University,22.0,2.0,24.0,False,1898.0,legacy_xls_table8,3003,Bond University ,3689163,1882409.0,1806754.0,3689163.0
2019,CQUniversity,37.0,11.0,48.0,False,5523.0,legacy_xls_table8,2200,Central Queensland University,6048449,3600656.0,2447793.0,6048449.0
2019,Griffith University,299.0,58.0,357.0,False,10043.0,legacy_xls_table8,3032,Griffith University,41096997,23905484.0,17191513.0,41096997.0
2019,James Cook University,125.0,5.0,130.0,False,4817.0,legacy_xls_table8,1019,James Cook University,26103331,14277427.0,11825904.0,26103331.0
2019,Queensland University of Technology,246.0,,246.0,True,11935.0,legacy_xls_table8,3042,Queensland University of Technology,52571879,30583173.0,21988706.0,52571879.0
2019,The University of Queensland,765.0,74.0,839.0,False,13865.0,legacy_xls_table8,3019,The University of Queensland,182265946,95788078.0,86477868.0,182265946.0
2019,University of Southern Queensland,91.0,13.0,104.0,False,3681.0,legacy_xls_table8,2201,University of Southern Queensland,8616962,5309944.0,3307018.0,8616962.0
2019,University of the Sunshine Coast,77.0,10.0,87.0,False,3080.0,legacy_xls_table8,3043,University of the Sunshine Coast,7073516,3112889.0,3960627.0,7073516.0
2019,Curtin University,282.0,43.0,325.0,False,9751.0,legacy_xls_table8,2236,Curtin University,46653491,26300178.0,20353313.0,46653491.0
2019,Edith Cowan University,71.0,,71.0,True,5747.0,legacy_xls_table8,2235,Edith Cowan University,10750619,6773116.0,3977503.0,10750619.0
2019,Murdoch University,91.0,,91.0,True,4651.0,legacy_xls_table8,1034,Murdoch University,17313547,9741486.0,7572061.0,17313547.0
2019,The University of Notre Dame Australia,19.0,,19.0,True,2272.0,legacy_xls_table8,3044,The University of Notre Dame Australia,1547370,862242.0,685128.0,1547370.0
2019,The University of Western Australia,286.0,40.0,326.0,False,6827.0,legacy_xls_table8,1055,The University of Western Australia,91119779,47405537.0,43714242.0,91119779.0
2019,Flinders University,199.0,11.0,210.0,False,6508.0,legacy_xls_table8,3029,Flinders University,26798975,15171865.0,11627110.0,26798975.0
2019,The University of Adelaide,330.0,72.0,402.0,False,6724.0,legacy_xls_table8,3010,The University of Adelaide,85358197,46227219.0,39130978.0,85358197.0
2019,Torrens University Australia,2.0,0.0,2.0,False,2910.0,legacy_xls_table8,4449,Torrens University Australia,227845,69046.0,158799.0,227845.0
2019,University of South Australia,120.0,,120.0,True,6986.0,legacy_xls_table8,3027,University of South Australia,35631691,19633827.0,15997864.0,35631691.0
2019,University of Tasmania,256.0,21.0,277.0,False,10126.0,legacy_xls_table8,3045,University of Tasmania,47368888,24664377.0,22704511.0,47368888.0
2019,Batchelor Institute of Indigenous Tertiary Education,2.0,0.0,2.0,False,2.0,legacy_xls_table8,2246,Batchelor Institute of Indigenous Tertiary Education,259701,127117.0,132584.0,259701.0
2019,Charles Darwin University,40.0,8.0,48.0,False,1824.0,legacy_xls_table8,3001,Charles Darwin University,18243149,7496422.0,10746727.0,18243149.0
2019,The Australian National University,371.0,,371.0,True,7721.0,legacy_xls_table8,3033,The Australian National University,123185967,57768490.0,65417477.0,123185967.0
2019,University of Canberra,59.0,2.0,61.0,False,3643.0,legacy_xls_table8,2241,University of Canberra,8838702,5031575.0,3807127.0,8838702.0
2019,Australian Catholic University,53.0,,53.0,True,8236.0,legacy_xls_table8,3006,Australian Catholic University,7109846,3856906.0,3252940.0,7109846.0
2020,Australian Catholic University,,,58.0,False,7243.0,perturbed_pivot_2024,3006,Australian Catholic University,7079808,3933890.0,3145918.0,7079808.0
2020,Batchelor Institute of Indigenous Tertiary Education,,,2.0,False,5.0,perturbed_pivot_2024,2246,Batchelor Institute of Indigenous Tertiary Education,250300,122078.0,128222.0,250300.0
2020,Bond University,,,19.0,False,1373.0,perturbed_pivot_2024,3003,Bond University ,3626847,1879535.0,1747312.0,3626847.0
2020,CQUniversity,,,45.0,False,6075.0,perturbed_pivot_2024,2200,Central Queensland University,6308179,3670417.0,2637762.0,6308179.0
2020,Charles Darwin University,,,53.0,False,2197.0,perturbed_pivot_2024,3001,Charles Darwin University,18298120,7646784.0,10651336.0,18298120.0
2020,Charles Sturt University,,,83.0,False,10377.0,perturbed_pivot_2024,3005,Charles Sturt University,9583963,6278059.0,3305904.0,9583963.0
2020,Curtin University,,,342.0,False,9787.0,perturbed_pivot_2024,2236,Curtin University,48012801,27169347.0,20843454.0,48012801.0
2020,Deakin University,,,257.0,False,13693.0,perturbed_pivot_2024,3030,Deakin University,34172636,19988998.0,14183638.0,34172636.0
2020,Edith Cowan University,,,115.0,False,6398.0,perturbed_pivot_2024,2235,Edith Cowan University,10594045,6747402.0,3846643.0,10594045.0
2020,Federation University Australia,,,53.0,False,4407.0,perturbed_pivot_2024,2154,Federation University Australia,3647296,2196126.0,1451170.0,3647296.0
2020,Flinders University,,,175.0,False,4862.0,perturbed_pivot_2024,3029,Flinders University,26350551,15105973.0,11244578.0,26350551.0
2020,Griffith University,,,333.0,False,10107.0,perturbed_pivot_2024,3032,Griffith University,41427329,24663393.0,16763936.0,41427329.0
2020,James Cook University,,,126.0,False,4836.0,perturbed_pivot_2024,1019,James Cook University,25580615,14143783.0,11436832.0,25580615.0
2020,La Trobe University,,,203.0,False,9229.0,perturbed_pivot_2024,3020,La Trobe University,35345404,18931954.0,16413450.0,35345404.0
2020,Macquarie University,,,464.0,False,9084.0,perturbed_pivot_2024,3025,Macquarie University,45431482,29620984.0,15810498.0,45431482.0
2020,Monash University,,,816.0,False,23891.0,perturbed_pivot_2024,3035,Monash University,176665786,91723989.0,84941797.0,176665786.0
2020,Murdoch University,,,115.0,False,5140.0,perturbed_pivot_2024,1034,Murdoch University,17299284,9976344.0,7322940.0,17299284.0
2020,Queensland University of Technology,,,281.0,False,10943.0,perturbed_pivot_2024,3042,Queensland University of Technology,52474025,30903416.0,21570609.0,52474025.0
2020,RMIT University,,,350.0,False,18647.0,perturbed_pivot_2024,3034,Royal Melbourne Institute of Technology,33425353,21525865.0,11899488.0,33425353.0
2020,Southern Cross University,,,44.0,False,3024.0,perturbed_pivot_2024,3038,Southern Cross University,7109163,4204354.0,2904809.0,7109163.0
2020,Swinburne University of Technology,,,178.0,False,8116.0,perturbed_pivot_2024,2177,Swinburne University of Technology,19131951,11849456.0,7282495.0,19131951.0
2020,The Australian National University,,,357.0,False,7280.0,perturbed_pivot_2024,3033,The Australian National University,126141524,59083721.0,67057803.0,126141524.0
2020,The University of Adelaide,,,415.0,False,6957.0,perturbed_pivot_2024,3010,The University of Adelaide,86300278,46680414.0,39619864.0,86300278.0
2020,The University of Melbourne,,,907.0,False,21078.0,perturbed_pivot_2024,3036,The University of Melbourne,210568602,103597249.0,106971353.0,210568602.0
2020,The University of New England,,,99.0,False,3652.0,perturbed_pivot_2024,3039,University of New England,16661531,9114384.0,7547147.0,16661531.0
2020,The University of Newcastle,,,296.0,False,7526.0,perturbed_pivot_2024,3014,University of Newcastle,48341662,25194502.0,23147160.0,48341662.0
2020,The University of Notre Dame Australia,,,69.0,False,2714.0,perturbed_pivot_2024,3044,The University of Notre Dame Australia,1714856,1052269.0,662587.0,1714856.0
2020,The University of Queensland,,,822.0,False,13133.0,perturbed_pivot_2024,3019,The University of Queensland,183472303,95936204.0,87536099.0,183472303.0
2020,The University of Sydney,,,740.0,False,16765.0,perturbed_pivot_2024,3040,The University of Sydney,178474984,93517054.0,84957930.0,178474984.0
2020,The University of Western Australia,,,314.0,False,6267.0,perturbed_pivot_2024,1055,The University of Western Australia,88869768,46593725.0,42276043.0,88869768.0
2020,Torrens University Australia,,,2.0,False,5137.0,perturbed_pivot_2024,4449,Torrens University Australia,293490,101887.0,191603.0,293490.0
2020,University of Canberra,,,52.0,False,3920.0,perturbed_pivot_2024,2241,University of Canberra,8704000,5022127.0,3681873.0,8704000.0
2020,University of Divinity,,,9.0,False,443.0,perturbed_pivot_2024,4331,University of Divinity,1481157,831669.0,649488.0,1481157.0
2020,University of New South Wales,,,660.0,False,15491.0,perturbed_pivot_2024,3013,University of New South Wales,177882098,91086046.0,86796052.0,177882098.0
2020,University of South Australia,,,179.0,False,7392.0,perturbed_pivot_2024,3027,University of South Australia,36525751,19622443.0,16903308.0,36525751.0
2020,University of Southern Queensland,,,114.0,False,4193.0,perturbed_pivot_2024,2201,University of Southern Queensland,9274403,5569228.0,3705175.0,9274403.0
2020,University of Tasmania,,,224.0,False,10043.0,perturbed_pivot_2024,3045,University of Tasmania,46966924,25009391.0,21957533.0,46966924.0
2020,University of Technology Sydney,,,314.0,False,11960.0,perturbed_pivot_2024,3016,University of Technology Sydney,33010743,18602644.0,14408099.0,33010743.0
2020,University of Wollongong,,,251.0,False,8271.0,perturbed_pivot_2024,1058,University of Wollongong,39430195,23692889.0,15737306.0,39430195.0
2020,University of the Sunshine Coast,,,43.0,False,2952.0,perturbed_pivot_2024,3043,University of the Sunshine Coast,8424341,3739106.0,4685235.0,8424341.0
2020,Victoria University,,,125.0,False,7657.0,perturbed_pivot_2024,3007,Victoria University,11397507,7496506.0,3901001.0,11397507.0
2020,Western Sydney University,,,243.0,False,8597.0,perturbed_pivot_2024,3004,Western Sydney University,19927886,11745665.0,8182221.0,19927886.0
2021,Australian Catholic University,,,37.0,False,7243.0,perturbed_pivot_2024,3006,Australian Catholic University,8899357,3968872.0,4930485.0,7011289.29754386
2021,Batchelor Institute of Indigenous Tertiary Education,,,2.0,False,2.0,perturbed_pivot_2024,2246,Batchelor Institute of Indigenous Tertiary Education,434940,139526.0,295414.0,278970.07877291203
2021,Bond University,,,35.0,False,1796.0,perturbed_pivot_2024,3003,Bond University ,4468309,1846509.0,2621800.0,3536334.4350577397
2021,CQUniversity,,,45.0,False,5269.0,perturbed_pivot_2024,2200,Central Queensland University,9528892,3679941.0,5848951.0,6463772.1999053005
2021,Charles Darwin University,,,63.0,False,2350.0,perturbed_pivot_2024,3001,Charles Darwin University,29063333,7766524.0,21296809.0,18067431.044732697
2021,Charles Sturt University,,,53.0,False,9526.0,perturbed_pivot_2024,3005,Charles Sturt University,12258055,5998381.0,6259674.0,9195520.758130841
2021,Curtin University,,,331.0,False,10076.0,perturbed_pivot_2024,2236,Curtin University,72099626,27825644.0,44273982.0,49101173.0186733
2021,Deakin University,,,293.0,False,16286.0,perturbed_pivot_2024,3030,Deakin University,52346968,20453826.0,31893142.0,35587255.7411475
2021,Edith Cowan University,,,103.0,False,7539.0,perturbed_pivot_2024,2235,Edith Cowan University,14078942,6679659.0,7399283.0,10399747.444986809
2021,Federation University Australia,,,49.0,False,4244.0,perturbed_pivot_2024,2154,Federation University Australia,4854025,2273755.0,2580270.0,3677181.50688185
2021,Flinders University,,,177.0,False,7217.0,perturbed_pivot_2024,3029,Flinders University,38410268,15336016.0,23074252.0,26432911.816145502
2021,Griffith University,,,341.0,False,11141.0,perturbed_pivot_2024,3032,Griffith University,60950311,25290058.0,35660253.0,42420689.5301769
2021,James Cook University,,,107.0,False,5163.0,perturbed_pivot_2024,1019,James Cook University,34361812,13828630.0,20533182.0,24889190.226268798
2021,La Trobe University,,,210.0,False,9505.0,perturbed_pivot_2024,3020,La Trobe University,53682865,19474602.0,34208263.0,35926079.2216382
2021,Macquarie University,,,533.0,False,10121.0,perturbed_pivot_2024,3025,Macquarie University,65806094,30649639.0,35156455.0,47372210.0603461
2021,Monash University,,,877.0,False,25591.0,perturbed_pivot_2024,3035,Monash University,287039990,95438167.0,191601823.0,186291919.2597382
2021,Murdoch University,,,116.0,False,5328.0,perturbed_pivot_2024,1034,Murdoch University,26863118,10246001.0,16617117.0,18115348.06419456
2021,Queensland University of Technology,,,437.0,False,12200.0,perturbed_pivot_2024,3042,Queensland University of Technology,72857176,30830953.0,42026223.0,51691888.962143704
2021,RMIT University,,,286.0,False,19190.0,perturbed_pivot_2024,3034,Royal Melbourne Institute of Technology,47926774,22010716.0,25916058.0,34394654.341820404
2021,Southern Cross University,,,59.0,False,4117.0,perturbed_pivot_2024,3038,Southern Cross University,10084191,4119561.0,5964630.0,6988077.8359433
2021,Swinburne University of Technology,,,221.0,False,8225.0,perturbed_pivot_2024,2177,Swinburne University of Technology,30220258,12706919.0,17513339.0,20899802.72617201
2021,The Australian National University,,,349.0,False,6768.0,perturbed_pivot_2024,3033,The Australian National University,197456056,59495907.0,137960149.0,125843861.1643945
2021,The University of Adelaide,,,400.0,False,8065.0,perturbed_pivot_2024,3010,The University of Adelaide,128741305,46850222.0,81891083.0,86233376.07389471
2021,The University of Melbourne,,,395.0,False,22097.0,perturbed_pivot_2024,3036,The University of Melbourne,321081671,106567611.0,214514060.0,210019606.47759
2021,The University of New England,,,134.0,False,3801.0,perturbed_pivot_2024,3039,University of New England,24723640,9083459.0,15640181.0,16605152.677680481
2021,The University of Newcastle,,,339.0,False,7483.0,perturbed_pivot_2024,3014,University of Newcastle,74205922,25840587.0,48365335.0,49100499.5263965
2021,The University of Notre Dame Australia,,,21.0,False,2261.0,perturbed_pivot_2024,3044,The University of Notre Dame Australia,2343962,1214150.0,1129812.0,1854937.887646053
2021,The University of Queensland,,,690.0,False,14952.0,perturbed_pivot_2024,3019,The University of Queensland,287800613,97299757.0,190500856.0,188345673.11555588
2021,The University of Sydney,,,524.0,False,22376.0,perturbed_pivot_2024,3040,The University of Sydney,274510360,91933059.0,182577301.0,179438325.4485111
2021,The University of Western Australia,,,312.0,False,6510.0,perturbed_pivot_2024,1055,The University of Western Australia,132531355,46116371.0,86414984.0,87675165.1640991
2021,Torrens University Australia,,,3.0,False,5890.0,perturbed_pivot_2024,4449,Torrens University Australia,550210,130751.0,419459.0,330958.218572399
2021,University of Canberra,,,64.0,False,3847.0,perturbed_pivot_2024,2241,University of Canberra,13307644,5118839.0,8188805.0,9013756.93357188
2021,University of Divinity,,,13.0,False,346.0,perturbed_pivot_2024,4331,University of Divinity,2007726,819980.0,1187746.0,1448099.8447471191
2021,University of New South Wales,,,766.0,False,17248.0,perturbed_pivot_2024,3013,University of New South Wales,286305869,94094591.0,192211278.0,185604379.2869418
2021,University of South Australia,,,170.0,False,7981.0,perturbed_pivot_2024,3027,University of South Australia,53827128,19005310.0,34821818.0,35751858.7851567
2021,University of Southern Queensland,,,143.0,False,4152.0,perturbed_pivot_2024,2201,University of Southern Queensland,15462126,6030159.0,9431967.0,10392257.5861535
2021,University of Tasmania,,,223.0,False,11176.0,perturbed_pivot_2024,3045,University of Tasmania,68293104,25397277.0,42895827.0,46632407.1625122
2021,University of Technology Sydney,,,197.0,False,8411.0,perturbed_pivot_2024,3016,University of Technology Sydney,54204501,20195726.0,34008775.0,36167032.9861186
2021,University of Wollongong,,,297.0,False,8513.0,perturbed_pivot_2024,1058,University of Wollongong,56192274,24183666.0,32008608.0,39577282.650396004
2021,University of the Sunshine Coast,,,69.0,False,3156.0,perturbed_pivot_2024,3043,University of the Sunshine Coast,16348914,4597473.0,11751441.0,10048246.971083991
2021,Victoria University,,,116.0,False,8333.0,perturbed_pivot_2024,3007,Victoria University,14689845,7385389.0,7304456.0,11158047.066782389
2021,Western Sydney University,,,235.0,False,8225.0,perturbed_pivot_2024,3004,Western Sydney University,30061632,12467369.0,17594263.0,20898788.35986311
2022,Australian Catholic University,,,34.0,False,7423.0,perturbed_pivot_2024,3006,Australian Catholic University,4588489,3120749.0,1467740.0,4588489.0
2022,Bond University,,,28.0,False,1545.0,perturbed_pivot_2024,3003,Bond University ,2467455,1544813.0,922642.0,2467455.0
2022,CQUniversity,,,62.0,False,4096.0,perturbed_pivot_2024,2200,Central Queensland University,6875103,3688488.0,3186615.0,6875103.0
2022,Charles Darwin University,,,43.0,False,2314.0,perturbed_pivot_2024,3001,Charles Darwin University,18205976,8041855.0,10164121.0,18205976.0
2022,Charles Sturt University,,,67.0,False,8455.0,perturbed_pivot_2024,3005,Charles Sturt University,6653576,4489624.0,2163952.0,6653576.0
2022,Curtin University,,,311.0,False,10225.0,perturbed_pivot_2024,2236,Curtin University,50218883,29273950.0,20944933.0,50218883.0
2022,Deakin University,,,317.0,False,13562.0,perturbed_pivot_2024,3030,Deakin University,37132978,20839807.0,16293171.0,37132978.0
2022,Edith Cowan University,,,124.0,False,6398.0,perturbed_pivot_2024,2235,Edith Cowan University,9870049,6411545.0,3458504.0,9870049.0
2022,Federation University Australia,,,40.0,False,3071.0,perturbed_pivot_2024,2154,Federation University Australia,3633062,2572241.0,1060821.0,3633062.0
2022,Flinders University,,,151.0,False,5876.0,perturbed_pivot_2024,3029,Flinders University,27011611,15217026.0,11794585.0,27011611.0
2022,Griffith University,,,330.0,False,10331.0,perturbed_pivot_2024,3032,Griffith University,41470890,25154439.0,16316451.0,41470890.0
2022,James Cook University,,,142.0,False,4807.0,perturbed_pivot_2024,1019,James Cook University,18513891,11195924.0,7317967.0,18513891.0
2022,La Trobe University,,,255.0,False,8328.0,perturbed_pivot_2024,3020,La Trobe University,34441123,18453725.0,15987398.0,34441123.0
2022,Macquarie University,,,485.0,False,9048.0,perturbed_pivot_2024,3025,Macquarie University,47352472,30316330.0,17036142.0,47352472.0
2022,Monash University,,,961.0,False,24217.0,perturbed_pivot_2024,3035,Monash University,199664092,102424908.0,97239184.0,199664092.0
2022,Murdoch University,,,165.0,False,4857.0,perturbed_pivot_2024,1034,Murdoch University,17329915,9827392.0,7502523.0,17329915.0
2022,Queensland University of Technology,,,411.0,False,11361.0,perturbed_pivot_2024,3042,Queensland University of Technology,48384663,29068532.0,19316131.0,48384663.0
2022,RMIT University,,,377.0,False,18671.0,perturbed_pivot_2024,3034,Royal Melbourne Institute of Technology,38172479,24817631.0,13354848.0,38172479.0
2022,Southern Cross University,,,56.0,False,4183.0,perturbed_pivot_2024,3038,Southern Cross University,6153108,3326464.0,2826644.0,6153108.0
2022,Swinburne University of Technology,,,261.0,False,7616.0,perturbed_pivot_2024,2177,Swinburne University of Technology,22787199,14242555.0,8544644.0,22787199.0
2022,The Australian National University,,,374.0,False,6837.0,perturbed_pivot_2024,3033,The Australian National University,115213731,53648762.0,61564969.0,115213731.0
2022,The University of Adelaide,,,448.0,False,7260.0,perturbed_pivot_2024,3010,The University of Adelaide,86963681,46169968.0,40793713.0,86963681.0
2022,The University of Melbourne,,,744.0,False,21630.0,perturbed_pivot_2024,3036,The University of Melbourne,222931509,111813256.0,111118253.0,222931509.0
2022,The University of New England,,,87.0,False,3650.0,perturbed_pivot_2024,3039,University of New England,17409091,9261262.0,8147829.0,17409091.0
2022,The University of Newcastle,,,283.0,False,7746.0,perturbed_pivot_2024,3014,University of Newcastle,51244345,27539140.0,23705205.0,51244345.0
2022,The University of Notre Dame Australia,,,40.0,False,2730.0,perturbed_pivot_2024,3044,The University of Notre Dame Australia,2183156,1702450.0,480706.0,2183156.0
2022,The University of Queensland,,,763.0,False,13930.0,perturbed_pivot_2024,3019,The University of Queensland,191682874,100217285.0,91465589.0,191682874.0
2022,The University of Sydney,,,814.0,False,21113.0,perturbed_pivot_2024,3040,The University of Sydney,178391184,90173615.0,88217569.0,178391184.0
2022,The University of Western Australia,,,333.0,False,6376.0,perturbed_pivot_2024,1055,The University of Western Australia,85334005,42513528.0,42820477.0,85334005.0
2022,Torrens University Australia,,,17.0,False,5765.0,perturbed_pivot_2024,4449,Torrens University Australia,403109,193670.0,209439.0,403109.0
2022,University of Canberra,,,61.0,False,3801.0,perturbed_pivot_2024,2241,University of Canberra,8442763,4366091.0,4076672.0,8442763.0
2022,University of Divinity,,,9.0,False,392.0,perturbed_pivot_2024,4331,University of Divinity,1105180,636254.0,468926.0,1105180.0
2022,University of New South Wales,,,820.0,False,17938.0,perturbed_pivot_2024,3013,University of New South Wales,193565978,96402360.0,97163618.0,193565978.0
2022,University of South Australia,,,156.0,False,7494.0,perturbed_pivot_2024,3027,University of South Australia,31891857,15858732.0,16033125.0,31891857.0
2022,University of Southern Queensland,,,139.0,False,3721.0,perturbed_pivot_2024,2201,University of Southern Queensland,12246883,7807530.0,4439353.0,12246883.0
2022,University of Tasmania,,,247.0,False,12502.0,perturbed_pivot_2024,3045,University of Tasmania,45790877,25859741.0,19931136.0,45790877.0
2022,University of Technology Sydney,,,366.0,False,11273.0,perturbed_pivot_2024,3016,University of Technology Sydney,42575185,25973884.0,16601301.0,42575185.0
2022,University of Wollongong,,,263.0,False,7279.0,perturbed_pivot_2024,1058,University of Wollongong,36898549,22728971.0,14169578.0,36898549.0
2022,University of the Sunshine Coast,,,52.0,False,2940.0,perturbed_pivot_2024,3043,University of the Sunshine Coast,11382454,6211468.0,5170986.0,11382454.0
2022,Victoria University,,,99.0,False,5629.0,perturbed_pivot_2024,3007,Victoria University,9550925,6504162.0,3046763.0,9550925.0
2022,Western Sydney University,,,215.0,False,11804.0,perturbed_pivot_2024,3004,Western Sydney University,22321219,14151147.0,8170072.0,22321219.0
2023,Australian Catholic University,,,53.0,False,7182.0,perturbed_pivot_2024,3006,Australian Catholic University,4356586,2876087.0,1480499.0,4356586.0
2023,Batchelor Institute of Indigenous Tertiary Education,,,3.0,False,3.0,perturbed_pivot_2024,2246,Batchelor Institute of Indigenous Tertiary Education,349025,174602.0,174423.0,349025.0
2023,Bond University,,,19.0,False,1754.0,perturbed_pivot_2024,3003,Bond University ,2774328,1864695.0,909633.0,2774328.0
2023,CQUniversity,,,44.0,False,3918.0,perturbed_pivot_2024,2200,Central Queensland University,7423540,3840243.0,3583297.0,7423540.0
2023,Charles Darwin University,,,46.0,False,2929.0,perturbed_pivot_2024,3001,Charles Darwin University,19235065,8539898.0,10695167.0,19235065.0
2023,Charles Sturt University,,,56.0,False,7331.0,perturbed_pivot_2024,3005,Charles Sturt University,7147484,4642645.0,2504839.0,7147484.0
2023,Curtin University,,,327.0,False,10255.0,perturbed_pivot_2024,2236,Curtin University,50684099,29670302.0,21013797.0,50684099.0
2023,Deakin University,,,339.0,False,13284.0,perturbed_pivot_2024,3030,Deakin University,42829550,23997700.0,18831850.0,42829550.0
2023,Edith Cowan University,,,128.0,False,6089.0,perturbed_pivot_2024,2235,Edith Cowan University,10281811,6580496.0,3701315.0,10281811.0
2023,Federation University Australia,,,40.0,False,3233.0,perturbed_pivot_2024,2154,Federation University Australia,4157383,2974444.0,1182939.0,4157383.0
2023,Flinders University,,,129.0,False,5419.0,perturbed_pivot_2024,3029,Flinders University,30849454,16850703.0,13998751.0,30849454.0
2023,Griffith University,,,362.0,False,9305.0,perturbed_pivot_2024,3032,Griffith University,42175399,26006458.0,16168941.0,42175399.0
2023,James Cook University,,,104.0,False,4612.0,perturbed_pivot_2024,1019,James Cook University,17631072,10432319.0,7198753.0,17631072.0
2023,La Trobe University,,,248.0,False,8075.0,perturbed_pivot_2024,3020,La Trobe University,33333108,17964869.0,15368239.0,33333108.0
2023,Macquarie University,,,523.0,False,8574.0,perturbed_pivot_2024,3025,Macquarie University,48530421,31331018.0,17199403.0,48530421.0
2023,Monash University,,,1039.0,False,23134.0,perturbed_pivot_2024,3035,Monash University,209259325,107450028.0,101809297.0,209259325.0
2023,Murdoch University,,,137.0,False,4666.0,perturbed_pivot_2024,1034,Murdoch University,16082128,9700041.0,6382087.0,16082128.0
2023,Queensland University of Technology,,,392.0,False,10535.0,perturbed_pivot_2024,3042,Queensland University of Technology,52786093,31692976.0,21093117.0,52786093.0
2023,RMIT University,,,447.0,False,17944.0,perturbed_pivot_2024,3034,Royal Melbourne Institute of Technology,42474565,27264714.0,15209851.0,42474565.0
2023,Southern Cross University,,,73.0,False,4192.0,perturbed_pivot_2024,3038,Southern Cross University,7138417,4129550.0,3008867.0,7138417.0
2023,Swinburne University of Technology,,,260.0,False,8491.0,perturbed_pivot_2024,2177,Swinburne University of Technology,25138998,15728868.0,9410130.0,25138998.0
2023,The Australian National University,,,394.0,False,6371.0,perturbed_pivot_2024,3033,The Australian National University,111732293,52476862.0,59255431.0,111732293.0
2023,The University of Adelaide,,,380.0,False,7377.0,perturbed_pivot_2024,3010,The University of Adelaide,98356628,50193228.0,48163400.0,98356628.0
2023,The University of Melbourne,,,843.0,False,22194.0,perturbed_pivot_2024,3036,The University of Melbourne,234362937,114471132.0,119891805.0,234362937.0
2023,The University of New England,,,99.0,False,3556.0,perturbed_pivot_2024,3039,University of New England,17907725,9929354.0,7978371.0,17907725.0
2023,The University of Newcastle,,,215.0,False,7475.0,perturbed_pivot_2024,3014,University of Newcastle,54950636,30662349.0,24288287.0,54950636.0
2023,The University of Notre Dame Australia,,,39.0,False,2401.0,perturbed_pivot_2024,3044,The University of Notre Dame Australia,2739981,2222326.0,517655.0,2739981.0
2023,The University of Queensland,,,784.0,False,13850.0,perturbed_pivot_2024,3019,The University of Queensland,180611789,94870189.0,85741600.0,180611789.0
2023,The University of Sydney,,,949.0,False,20718.0,perturbed_pivot_2024,3040,The University of Sydney,192353810,95933704.0,96420106.0,192353810.0
2023,The University of Western Australia,,,385.0,False,6427.0,perturbed_pivot_2024,1055,The University of Western Australia,85047271,42064772.0,42982499.0,85047271.0
2023,Torrens University Australia,,,0.0,False,4702.0,perturbed_pivot_2024,4449,Torrens University Australia,436616,208714.0,227902.0,436616.0
2023,University of Canberra,,,65.0,False,3906.0,perturbed_pivot_2024,2241,University of Canberra,7351273,4001021.0,3350252.0,7351273.0
2023,University of Divinity,,,13.0,False,448.0,perturbed_pivot_2024,4331,University of Divinity,974077,513984.0,460093.0,974077.0
2023,University of New South Wales,,,792.0,False,18433.0,perturbed_pivot_2024,3013,University of New South Wales,196013585,97780933.0,98232652.0,196013585.0
2023,University of South Australia,,,183.0,False,7212.0,perturbed_pivot_2024,3027,University of South Australia,33186798,16956684.0,16230114.0,33186798.0
2023,University of Southern Queensland,,,126.0,False,3756.0,perturbed_pivot_2024,2201,University of Southern Queensland,13162298,8665604.0,4496694.0,13162298.0
2023,University of Tasmania,,,254.0,False,9103.0,perturbed_pivot_2024,3045,University of Tasmania,49478384,26684857.0,22793527.0,49478384.0
2023,University of Technology Sydney,,,355.0,False,10453.0,perturbed_pivot_2024,3016,University of Technology Sydney,44449378,28541184.0,15908194.0,44449378.0
2023,University of Wollongong,,,241.0,False,7311.0,perturbed_pivot_2024,1058,University of Wollongong,36702101,23545862.0,13156239.0,36702101.0
2023,University of the Sunshine Coast,,,69.0,False,3111.0,perturbed_pivot_2024,3043,University of the Sunshine Coast,9990007,5545472.0,4444535.0,9990007.0
2023,Victoria University,,,89.0,False,10514.0,perturbed_pivot_2024,3007,Victoria University,10369681,6635317.0,3734364.0,10369681.0
2023,Western Sydney University,,,289.0,False,9328.0,perturbed_pivot_2024,3004,Western Sydney University,24291938,15943858.0,8348080.0,24291938.0
2024,Australian Catholic University,,,54.0,False,7002.0,perturbed_pivot_2024,3006,Australian Catholic University,4358618,2700110.0,1658508.0,4358618.0
2024,Avondale University,,,8.0,False,255.0,perturbed_pivot_2024,2252,Avondale University ,129209,95094.0,34115.0,129209.0
2024,Batchelor Institute of Indigenous Tertiary Education,,,0.0,False,0.0,perturbed_pivot_2024,2246,Batchelor Institute of Indigenous Tertiary Education,455430,181933.0,273497.0,455430.0
2024,Bond University,,,41.0,False,1715.0,perturbed_pivot_2024,3003,Bond University ,3263146,2244753.0,1018393.0,3263146.0
2024,CQUniversity,,,73.0,False,5503.0,perturbed_pivot_2024,2200,Central Queensland University,7910457,4260945.0,3649512.0,7910457.0
2024,Charles Darwin University,,,57.0,False,3023.0,perturbed_pivot_2024,3001,Charles Darwin University,22706340,10170682.0,12535658.0,22706340.0
2024,Charles Sturt University,,,57.0,False,7472.0,perturbed_pivot_2024,3005,Charles Sturt University,8080441,4899349.0,3181092.0,8080441.0
2024,Curtin University,,,320.0,False,11834.0,perturbed_pivot_2024,2236,Curtin University,54457752,30736270.0,23721482.0,54457752.0
2024,Deakin University,,,369.0,False,14311.0,perturbed_pivot_2024,3030,Deakin University,52735408,30037103.0,22698305.0,52735408.0
2024,Edith Cowan University,,,155.0,False,7801.0,perturbed_pivot_2024,2235,Edith Cowan University,11104956,7021835.0,4083121.0,11104956.0
2024,Federation University Australia,,,53.0,False,3219.0,perturbed_pivot_2024,2154,Federation University Australia,4286482,2971820.0,1314662.0,4286482.0
2024,Flinders University,,,166.0,False,6951.0,perturbed_pivot_2024,3029,Flinders University,38946131,19713567.0,19232564.0,38946131.0
2024,Griffith University,,,276.0,False,9980.0,perturbed_pivot_2024,3032,Griffith University,46250775,28270010.0,17980765.0,46250775.0
2024,James Cook University,,,117.0,False,5312.0,perturbed_pivot_2024,1019,James Cook University,21045757,12198540.0,8847217.0,21045757.0
2024,La Trobe University,,,256.0,False,9737.0,perturbed_pivot_2024,3020,La Trobe University,37585210,21227058.0,16358152.0,37585210.0
2024,Macquarie University,,,498.0,False,9827.0,perturbed_pivot_2024,3025,Macquarie University,51526657,32626464.0,18900193.0,51526657.0
2024,Monash University,,,893.0,False,23887.0,perturbed_pivot_2024,3035,Monash University,238965635,122798840.0,116166795.0,238965635.0
2024,Murdoch University,,,139.0,False,5275.0,perturbed_pivot_2024,1034,Murdoch University,18840548,11561091.0,7279457.0,18840548.0
2024,Queensland University of Technology,,,392.0,False,11488.0,perturbed_pivot_2024,3042,Queensland University of Technology,56855908,33921139.0,22934769.0,56855908.0
2024,RMIT University,,,424.0,False,18967.0,perturbed_pivot_2024,3034,Royal Melbourne Institute of Technology,48981590,30396426.0,18585164.0,48981590.0
2024,Southern Cross University,,,53.0,False,4853.0,perturbed_pivot_2024,3038,Southern Cross University,9071762,4997742.0,4074020.0,9071762.0
2024,Swinburne University of Technology,,,294.0,False,9410.0,perturbed_pivot_2024,2177,Swinburne University of Technology,29979057,19342184.0,10636873.0,29979057.0
2024,The Australian National University,,,431.0,False,7059.0,perturbed_pivot_2024,3033,The Australian National University,125022054,58237230.0,66784824.0,125022054.0
2024,The University of Adelaide,,,335.0,False,8038.0,perturbed_pivot_2024,3010,The University of Adelaide,102833586,53241854.0,49591732.0,102833586.0
2024,The University of Melbourne,,,873.0,False,23195.0,perturbed_pivot_2024,3036,The University of Melbourne,243512096,117206808.0,126305288.0,243512096.0
2024,The University of New England,,,70.0,False,3481.0,perturbed_pivot_2024,3039,University of New England,18574466,10271411.0,8303055.0,18574466.0
2024,The University of Newcastle,,,242.0,False,7983.0,perturbed_pivot_2024,3014,University of Newcastle,55282508,31145614.0,24136894.0,55282508.0
2024,The University of Notre Dame Australia,,,42.0,False,2075.0,perturbed_pivot_2024,3044,The University of Notre Dame Australia,2843803,2116002.0,727801.0,2843803.0
2024,The University of Queensland,,,764.0,False,14426.0,perturbed_pivot_2024,3019,The University of Queensland,181718120,96646012.0,85072108.0,181718120.0
2024,The University of Sydney,,,857.0,False,22556.0,perturbed_pivot_2024,3040,The University of Sydney,201525251,102046959.0,99478292.0,201525251.0
2024,The University of Western Australia,,,332.0,False,6821.0,perturbed_pivot_2024,1055,The University of Western Australia,89181877,43932830.0,45249047.0,89181877.0
2024,Torrens University Australia,,,15.0,False,5662.0,perturbed_pivot_2024,4449,Torrens University Australia,653160,387107.0,266053.0,653160.0
2024,University of Canberra,,,59.0,False,4557.0,perturbed_pivot_2024,2241,University of Canberra,8326756,4673318.0,3653438.0,8326756.0
2024,University of Divinity,,,15.0,False,489.0,perturbed_pivot_2024,4331,University of Divinity,1170689,673016.0,497673.0,1170689.0
2024,University of New South Wales,,,780.0,False,20821.0,perturbed_pivot_2024,3013,University of New South Wales,204439251,105060012.0,99379239.0,204439251.0
2024,University of South Australia,,,187.0,False,7763.0,perturbed_pivot_2024,3027,University of South Australia,33883655,17306833.0,16576822.0,33883655.0
2024,University of Southern Queensland,,,133.0,False,4378.0,perturbed_pivot_2024,2201,University of Southern Queensland,16191389,10225314.0,5966075.0,16191389.0
2024,University of Tasmania,,,254.0,False,9898.0,perturbed_pivot_2024,3045,University of Tasmania,51490241,27645641.0,23844600.0,51490241.0
2024,University of Technology Sydney,,,366.0,False,12318.0,perturbed_pivot_2024,3016,University of Technology Sydney,47084992,30025624.0,17059368.0,47084992.0
2024,University of Wollongong,,,244.0,False,8216.0,perturbed_pivot_2024,1058,University of Wollongong,40629758,25561863.0,15067895.0,40629758.0
2024,University of the Sunshine Coast,,,63.0,False,3457.0,perturbed_pivot_2024,3043,University of the Sunshine Coast,11915364,6488994.0,5426370.0,11915364.0
2024,Victoria University,,,99.0,False,11241.0,perturbed_pivot_2024,3007,Victoria University,11538694,6499964.0,5038730.0,11538694.0
2024,Western Sydney University,,,259.0,False,10936.0,perturbed_pivot_2024,3004,Western Sydney University,25922427,16496385.0,9426042.0,25922427.0
