HEP_Code,Year,rbg_total,rbg_rtp,rbg_rsp_like,rbg_total_covid_adj
1019,2001,15050453,0.0,1149317.0,15050453.0
1019,2002,15683715,0.0,1460246.0,15683715.0
1019,2003,16114263,0.0,1633413.0,16114263.0
1019,2004,16683854,0.0,1778804.0,16683854.0
1019,2005,16289393,0.0,1804258.0,16289393.0
1019,2006,16309378,0.0,1853044.0,16309378.0
1019,2007,16176951,0.0,1744663.0,16176951.0
1019,2008,16271433,0.0,1825136.0,16271433.0
1019,2009,16394533,0.0,2277696.0,16394533.0
1019,2010,17849781,0.0,7503782.0,17849781.0
1019,2011,18186042,0.0,7911153.0,18186042.0
1019,2012,19296179,0.0,8565562.0,19296179.0
1019,2013,20172471,0.0,8635699.0,20172471.0
1019,2014,21661835,0.0,9231403.0,21661835.0
1019,2015,22889792,0.0,9849673.0,22889792.0
1019,2016,25086480,0.0,11418948.0,25086480.0
1019,2017,27049729,14167548.0,12882181.0,27049729.0
1019,2018,26876338,14428018.0,12448320.0,26876338.0
1019,2019,26103331,14277427.0,11825904.0,26103331.0
1019,2020,25580615,14143783.0,11436832.0,25580615.0
1019,2021,34361812,13828630.0,20533182.0,24889190.226268798
1019,2022,18513891,11195924.0,7317967.0,18513891.0
1019,2023,17631072,10432319.0,7198753.0,17631072.0
1019,2024,21045757,12198540.0,8847217.0,21045757.0
1019,2025,23534655,13332946.0,10201709.0,23534655.0
1019,2026,22795473,12488371.0,10307102.0,22795473.0
1034,2001,14571197,0.0,1042426.0,14571197.0
1034,2002,15549760,0.0,1508451.0,15549760.0
1034,2003,16257843,0.0,1883529.0,16257843.0
1034,2004,17298663,0.0,2408825.0,17298663.0
1034,2005,18737706,0.0,2852614.0,18737706.0
1034,2006,19670990,0.0,2876607.0,19670990.0
1034,2007,19162836,0.0,2323094.0,19162836.0
1034,2008,18761804,0.0,2311299.0,18761804.0
1034,2009,18596803,0.0,2360849.0,18596803.0
1034,2010,19107777,0.0,7794420.0,19107777.0
1034,2011,19488219,0.0,8175676.0,19488219.0
1034,2012,20494504,0.0,8633148.0,20494504.0
1034,2013,19760683,0.0,7776855.0,19760683.0
1034,2014,19392616,0.0,7701652.0,19392616.0
1034,2015,19278184,0.0,8137863.0,19278184.0
1034,2016,18641169,0.0,8074373.0,18641169.0
1034,2017,18287694,10039304.0,8248390.0,18287694.0
1034,2018,17819166,9848575.0,7970591.0,17819166.0
1034,2019,17313547,9741486.0,7572061.0,17313547.0
1034,2020,17299284,9976344.0,7322940.0,17299284.0
1034,2021,26863118,10246001.0,16617117.0,18115348.06419456
1034,2022,17329915,9827392.0,7502523.0,17329915.0
1034,2023,16082128,9700041.0,6382087.0,16082128.0
1034,2024,18840548,11561091.0,7279457.0,18840548.0
1034,2025,20876127,12683975.0,8192152.0,20876127.0
1034,2026,20647613,12451476.0,8196137.0,20647613.0
1055,2001,53404740,0.0,6399106.0,53404740.0
1055,2002,57056113,0.0,8257803.0,57056113.0
1055,2003,59447777,0.0,10325229.0,59447777.0
1055,2004,62347270,0.0,12420404.0,62347270.0
1055,2005,64624922,0.0,13902985.0,64624922.0
1055,2006,67036152,0.0,14806590.0,67036152.0
1055,2007,68190042,0.0,14610189.0,68190042.0
1055,2008,68891793,0.0,14359070.0,68891793.0
1055,2009,70993130,0.0,14269056.0,70993130.0
1055,2010,77863119,0.0,35855419.0,77863119.0
1055,2011,80568794,0.0,36796776.0,80568794.0
1055,2012,84766055,0.0,39274889.0,84766055.0
1055,2013,87386448,0.0,40518176.0,87386448.0
1055,2014,90476360,0.0,42960378.0,90476360.0
1055,2015,93278682,0.0,45380890.0,93278682.0
1055,2016,91319416,0.0,43784634.0,91319416.0
1055,2017,94929527,47829133.0,47100394.0,94929527.0
1055,2018,94471933,48456942.0,46014991.0,94471933.0
1055,2019,91119779,47405537.0,43714242.0,91119779.0
1055,2020,88869768,46593725.0,42276043.0,88869768.0
1055,2021,132531355,46116371.0,86414984.0,87675165.1640991
1055,2022,85334005,42513528.0,42820477.0,85334005.0
1055,2023,85047271,42064772.0,42982499.0,85047271.0
1055,2024,89181877,43932830.0,45249047.0,89181877.0
1055,2025,92906334,47625285.0,45281049.0,92906334.0
1055,2026,93795277,48060696.0,45734581.0,93795277.0
1058,2001,20932557,0.0,1311231.0,20932557.0
1058,2002,22443070,0.0,2023305.0,22443070.0
1058,2003,23292487,0.0,2400015.0,23292487.0
1058,2004,23806232,0.0,2739082.0,23806232.0
1058,2005,24038823,0.0,3066219.0,24038823.0
1058,2006,24298310,0.0,3475186.0,24298310.0
1058,2007,24513746,0.0,3673652.0,24513746.0
1058,2008,24669872,0.0,3851278.0,24669872.0
1058,2009,23865394,0.0,3621387.0,23865394.0
1058,2010,25678732,0.0,10528886.0,25678732.0
1058,2011,27569007,0.0,11459912.0,27569007.0
1058,2012,29482051,0.0,12119961.0,29482051.0
1058,2013,31487821,0.0,12521580.0,31487821.0
1058,2014,33549296,0.0,13387135.0,33549296.0
1058,2015,34881509,0.0,13837606.0,34881509.0
1058,2016,36142266,0.0,13819595.0,36142266.0
1058,2017,36797735,22680303.0,14117432.0,36797735.0
1058,2018,36485039,22740798.0,13744241.0,36485039.0
1058,2019,37693648,22840259.0,14853389.0,37693648.0
1058,2020,39430195,23692889.0,15737306.0,39430195.0
1058,2021,56192274,24183666.0,32008608.0,39577282.650396004
1058,2022,36898549,22728971.0,14169578.0,36898549.0
1058,2023,36702101,23545862.0,13156239.0,36702101.0
1058,2024,40629758,25561863.0,15067895.0,40629758.0
1058,2025,41842716,25039111.0,16803605.0,41842716.0
1058,2026,38378861,23532462.0,14846399.0,38378861.0
2154,2001,1654002,0.0,68362.0,1654002.0
2154,2002,1696190,0.0,75778.0,1696190.0
2154,2003,1852803,0.0,96786.0,1852803.0
2154,2004,2007732,0.0,174994.0,2007732.0
2154,2005,2398939,0.0,219288.0,2398939.0
2154,2006,2749659,0.0,230664.0,2749659.0
2154,2007,3176122,0.0,207868.0,3176122.0
2154,2008,3271713,0.0,210317.0,3271713.0
2154,2009,3437434,0.0,261092.0,3437434.0
2154,2010,4032310,0.0,1507366.0,4032310.0
2154,2011,3847889,0.0,1268132.0,3847889.0
2154,2012,3899719,0.0,1215538.0,3899719.0
2154,2013,3891897,0.0,1181102.0,3891897.0
2154,2014,3837535,0.0,1188666.0,3837535.0
2154,2015,3840217,0.0,1317397.0,3840217.0
2154,2016,3994058,0.0,1600080.0,3994058.0
2154,2017,3863999,2229434.0,1634565.0,3863999.0
2154,2018,3749191,2169677.0,1579514.0,3749191.0
2154,2019,3624742,2124204.0,1500538.0,3624742.0
2154,2020,3647296,2196126.0,1451170.0,3647296.0
2154,2021,4854025,2273755.0,2580270.0,3677181.50688185
2154,2022,3633062,2572241.0,1060821.0,3633062.0
2154,2023,4157383,2974444.0,1182939.0,4157383.0
2154,2024,4286482,2971820.0,1314662.0,4286482.0
2154,2025,4108597,2795801.0,1312796.0,4108597.0
2154,2026,4586752,3030881.0,1555871.0,4586752.0
2177,2001,7865756,0.0,275524.0,7865756.0
2177,2002,7842790,0.0,424547.0,7842790.0
2177,2003,8279135,0.0,623586.0,8279135.0
2177,2004,8678939,0.0,853483.0,8678939.0
2177,2005,9343066,0.0,1025133.0,9343066.0
2177,2006,10072216,0.0,1217567.0,10072216.0
2177,2007,10506948,0.0,1190490.0,10506948.0
2177,2008,10825775,0.0,1158615.0,10825775.0
2177,2009,11470284,0.0,1155791.0,11470284.0
2177,2010,13058678,0.0,4693757.0,13058678.0
2177,2011,13861817,0.0,4942472.0,13861817.0
2177,2012,14943143,0.0,5444572.0,14943143.0
2177,2013,15797694,0.0,5671493.0,15797694.0
2177,2014,16704134,0.0,6147850.0,16704134.0
2177,2015,17768077,0.0,6607516.0,17768077.0
2177,2016,18390724,0.0,6664255.0,18390724.0
2177,2017,18444969,11637087.0,6807882.0,18444969.0
2177,2018,18053570,11474972.0,6578598.0,18053570.0
2177,2019,17874038,11273569.0,6600469.0,17874038.0
2177,2020,19131951,11849456.0,7282495.0,19131951.0
2177,2021,30220258,12706919.0,17513339.0,20899802.72617201
2177,2022,22787199,14242555.0,8544644.0,22787199.0
2177,2023,25138998,15728868.0,9410130.0,25138998.0
2177,2024,29979057,19342184.0,10636873.0,29979057.0
2177,2025,28087335,19246854.0,8840481.0,28087335.0
2177,2026,26207488,18664138.0,7543350.0,26207488.0
2200,2001,4134870,0.0,170294.0,4134870.0
2200,2002,4356894,0.0,242162.0,4356894.0
2200,2003,4461071,0.0,284291.0,4461071.0
2200,2004,4663818,0.0,346270.0,4663818.0
2200,2005,4772036,0.0,377980.0,4772036.0
2200,2006,4609398,0.0,243545.0,4609398.0
2200,2007,4690331,0.0,236786.0,4690331.0
2200,2008,4613045,0.0,270412.0,4613045.0
2200,2009,4414281,0.0,186582.0,4414281.0
2200,2010,4848913,0.0,1868925.0,4848913.0
2200,2011,4722201,0.0,1738135.0,4722201.0
2200,2012,4891229,0.0,1819447.0,4891229.0
2200,2013,5087051,0.0,1894358.0,5087051.0
2200,2014,5372906,0.0,2128967.0,5372906.0
2200,2015,5738541,0.0,2368583.0,5738541.0
2200,2016,5951472,0.0,2408454.0,5951472.0
2200,2017,5805057,3344697.0,2460360.0,5805057.0
2200,2018,5781826,3404329.0,2377497.0,5781826.0
2200,2019,6048449,3600656.0,2447793.0,6048449.0
2200,2020,6308179,3670417.0,2637762.0,6308179.0
2200,2021,9528892,3679941.0,5848951.0,6463772.1999053005
2200,2022,6875103,3688488.0,3186615.0,6875103.0
2200,2023,7423540,3840243.0,3583297.0,7423540.0
2200,2024,7910457,4260945.0,3649512.0,7910457.0
2200,2025,9323483,4773010.0,4550473.0,9323483.0
2200,2026,9718300,4985143.0,4733157.0,9718300.0
2201,2001,3320669,0.0,276314.0,3320669.0
2201,2002,3449425,0.0,366605.0,3449425.0
2201,2003,3738414,0.0,392587.0,3738414.0
2201,2004,4056430,0.0,454828.0,4056430.0
2201,2005,4178521,0.0,434962.0,4178521.0
2201,2006,4032354,0.0,316899.0,4032354.0
2201,2007,4109431,0.0,414917.0,4109431.0
2201,2008,4016355,0.0,423019.0,4016355.0
2201,2009,3999218,0.0,331376.0,3999218.0
2201,2010,4725907,0.0,1782213.0,4725907.0
2201,2011,5065955,0.0,1768977.0,5065955.0
2201,2012,6095348,0.0,2183260.0,6095348.0
2201,2013,6559680,0.0,2192278.0,6559680.0
2201,2014,7187702,0.0,2406048.0,7187702.0
2201,2015,7782177,0.0,2685859.0,7782177.0
2201,2016,8273227,0.0,2974588.0,8273227.0
2201,2017,8313305,5244951.0,3068354.0,8313305.0
2201,2018,8576565,5294434.0,3282131.0,8576565.0
2201,2019,8616962,5309944.0,3307018.0,8616962.0
2201,2020,9274403,5569228.0,3705175.0,9274403.0
2201,2021,15462126,6030159.0,9431967.0,10392257.5861535
2201,2022,12246883,7807530.0,4439353.0,12246883.0
2201,2023,13162298,8665604.0,4496694.0,13162298.0
2201,2024,16191389,10225314.0,5966075.0,16191389.0
2201,2025,16850361,10347440.0,6502921.0,16850361.0
2201,2026,16557057,10154710.0,6402347.0,16557057.0
2235,2001,5469266,0.0,204405.0,5469266.0
2235,2002,5888016,0.0,261092.0,5888016.0
2235,2003,6489178,0.0,403856.0,6489178.0
2235,2004,6961756,0.0,523182.0,6961756.0
2235,2005,7178049,0.0,471939.0,7178049.0
2235,2006,7491190,0.0,545259.0,7491190.0
2235,2007,7794861,0.0,543919.0,7794861.0
2235,2008,7821100,0.0,458096.0,7821100.0
2235,2009,7896417,0.0,384833.0,7896417.0
2235,2010,8873313,0.0,2855318.0,8873313.0
2235,2011,9492334,0.0,3185401.0,9492334.0
2235,2012,10140948,0.0,3646479.0,10140948.0
2235,2013,10466304,0.0,3730046.0,10466304.0
2235,2014,10743702,0.0,3964890.0,10743702.0
2235,2015,10943604,0.0,4020628.0,10943604.0
2235,2016,11481866,0.0,4241360.0,11481866.0
2235,2017,11637219,7304450.0,4332769.0,11637219.0
2235,2018,11292118,7105273.0,4186845.0,11292118.0
2235,2019,10750619,6773116.0,3977503.0,10750619.0
2235,2020,10594045,6747402.0,3846643.0,10594045.0
2235,2021,14078942,6679659.0,7399283.0,10399747.444986809
2235,2022,9870049,6411545.0,3458504.0,9870049.0
2235,2023,10281811,6580496.0,3701315.0,10281811.0
2235,2024,11104956,7021835.0,4083121.0,11104956.0
2235,2025,12746186,8413791.0,4332395.0,12746186.0
2235,2026,13849440,8984594.0,4864846.0,13849440.0
2236,2001,16844326,0.0,880168.0,16844326.0
2236,2002,17988215,0.0,1222644.0,17988215.0
2236,2003,19626995,0.0,1512750.0,19626995.0
2236,2004,20698287,0.0,1563468.0,20698287.0
2236,2005,21733140,0.0,1676150.0,21733140.0
2236,2006,22901652,0.0,2021009.0,22901652.0
2236,2007,24128735,0.0,2109523.0,24128735.0
2236,2008,25081456,0.0,2365708.0,25081456.0
2236,2009,27179812,0.0,2623677.0,27179812.0
2236,2010,31598803,0.0,12135187.0,31598803.0
2236,2011,34479470,0.0,13640920.0,34479470.0
2236,2012,36718312,0.0,14447241.0,36718312.0
2236,2013,37105524,0.0,13737418.0,37105524.0
2236,2014,37997827,0.0,14217729.0,37997827.0
2236,2015,39229674,0.0,15129797.0,39229674.0
2236,2016,41290539,0.0,16538140.0,41290539.0
2236,2017,44098408,25318208.0,18780200.0,44098408.0
2236,2018,45602889,25859194.0,19743695.0,45602889.0
2236,2019,46653491,26300178.0,20353313.0,46653491.0
2236,2020,48012801,27169347.0,20843454.0,48012801.0
2236,2021,72099626,27825644.0,44273982.0,49101173.0186733
2236,2022,50218883,29273950.0,20944933.0,50218883.0
2236,2023,50684099,29670302.0,21013797.0,50684099.0
2236,2024,54457752,30736270.0,23721482.0,54457752.0
2236,2025,55718160,31000387.0,24717773.0,55718160.0
2236,2026,56365535,31256282.0,25109253.0,56365535.0
2241,2001,4876865,0.0,300453.0,4876865.0
2241,2002,5209470,0.0,468189.0,5209470.0
2241,2003,5572369,0.0,565442.0,5572369.0
2241,2004,5647917,0.0,463091.0,5647917.0
2241,2005,5647555,0.0,355176.0,5647555.0
2241,2006,5511875,0.0,435379.0,5511875.0
2241,2007,5464633,0.0,490459.0,5464633.0
2241,2008,5279764,0.0,478475.0,5279764.0
2241,2009,5339785,0.0,454862.0,5339785.0
2241,2010,6407751,0.0,2698487.0,6407751.0
2241,2011,6761494,0.0,2881221.0,6761494.0
2241,2012,7315323,0.0,3099959.0,7315323.0
2241,2013,7816662,0.0,3281866.0,7816662.0
2241,2014,8418053,0.0,3687251.0,8418053.0
2241,2015,8859691,0.0,3853654.0,8859691.0
2241,2016,9288863,0.0,4059682.0,9288863.0
2241,2017,9292422,5145247.0,4147175.0,9292422.0
2241,2018,9148003,5140501.0,4007502.0,9148003.0
2241,2019,8838702,5031575.0,3807127.0,8838702.0
2241,2020,8704000,5022127.0,3681873.0,8704000.0
2241,2021,13307644,5118839.0,8188805.0,9013756.93357188
2241,2022,8442763,4366091.0,4076672.0,8442763.0
2241,2023,7351273,4001021.0,3350252.0,7351273.0
2241,2024,8326756,4673318.0,3653438.0,8326756.0
2241,2025,9583071,5405457.0,4177614.0,9583071.0
2241,2026,10407014,5824045.0,4582969.0,10407014.0
2246,2002,9493,0.0,0.0,9493.0
2246,2003,10204,0.0,0.0,10204.0
2246,2004,10965,0.0,0.0,10965.0
2246,2005,161229,0.0,0.0,161229.0
2246,2006,259866,0.0,0.0,259866.0
2246,2007,328268,0.0,0.0,328268.0
2246,2008,353356,0.0,0.0,353356.0
2246,2009,406131,0.0,33753.0,406131.0
2246,2010,557705,0.0,395235.0,557705.0
2246,2011,352126,0.0,143777.0,352126.0
2246,2012,343108,0.0,132242.0,343108.0
2246,2013,358614,0.0,140275.0,358614.0
2246,2014,378675,0.0,153734.0,378675.0
2246,2015,367263,0.0,147513.0,367263.0
2246,2016,357738,0.0,141379.0,357738.0
2246,2017,329589,185163.0,144426.0,329589.0
2246,2018,287669,148107.0,139562.0,287669.0
2246,2019,259701,127117.0,132584.0,259701.0
2246,2020,250300,122078.0,128222.0,250300.0
2246,2021,434940,139526.0,295414.0,278970.07877291203
2246,2022,343521,209801.0,133720.0,343521.0
2246,2023,349025,174602.0,174423.0,349025.0
2246,2024,455430,181933.0,273497.0,455430.0
2246,2025,847798,323773.0,524025.0,847798.0
2246,2026,1132889,443100.0,689789.0,1132889.0
2252,2024,129209,95094.0,34115.0,129209.0
2252,2025,241759,164108.0,77651.0,241759.0
2252,2026,406724,256246.0,150478.0,406724.0
3001,2001,3997660,0.0,255023.0,3997660.0
3001,2002,4390350,0.0,417935.0,4390350.0
3001,2003,4255798,0.0,408325.0,4255798.0
3001,2004,4388317,0.0,384537.0,4388317.0
3001,2005,4345767,0.0,469670.0,4345767.0
3001,2006,5306263,0.0,1045099.0,5306263.0
3001,2007,6651167,0.0,1477652.0,6651167.0
3001,2008,7017139,0.0,1474626.0,7017139.0
3001,2009,7884775,0.0,1660949.0,7884775.0
3001,2010,10035319,0.0,5469603.0,10035319.0
3001,2011,10948822,0.0,5964291.0,10948822.0
3001,2012,12314562,0.0,6796001.0,12314562.0
3001,2013,13287348,0.0,7196687.0,13287348.0
3001,2014,14140195,0.0,7636666.0,14140195.0
3001,2015,14376654,0.0,7839378.0,14376654.0
3001,2016,14558158,0.0,7902388.0,14558158.0
3001,2017,16196990,6968693.0,9228297.0,16196990.0
3001,2018,17166591,7267253.0,9899338.0,17166591.0
3001,2019,18243149,7496422.0,10746727.0,18243149.0
3001,2020,18298120,7646784.0,10651336.0,18298120.0
3001,2021,29063333,7766524.0,21296809.0,18067431.044732697
3001,2022,18205976,8041855.0,10164121.0,18205976.0
3001,2023,19235065,8539898.0,10695167.0,19235065.0
3001,2024,22706340,10170682.0,12535658.0,22706340.0
3001,2025,23248699,10392998.0,12855701.0,23248699.0
3001,2026,22271635,10023497.0,12248138.0,22271635.0
3003,2001,164327,0.0,0.0,164327.0
3003,2002,177100,0.0,14720.0,177100.0
3003,2003,227416,0.0,24916.0,227416.0
3003,2004,237962,0.0,31900.0,237962.0
3003,2005,358048,0.0,16483.0,358048.0
3003,2006,480107,0.0,17171.0,480107.0
3003,2007,711761,0.0,35803.0,711761.0
3003,2008,815549,0.0,36888.0,815549.0
3003,2009,1058284,0.0,96582.0,1058284.0
3003,2010,1691852,0.0,769700.0,1691852.0
3003,2011,1761800,0.0,729161.0,1761800.0
3003,2012,2124858,0.0,908495.0,2124858.0
3003,2013,2664338,0.0,1267178.0,2664338.0
3003,2014,2974574,0.0,1403339.0,2974574.0
3003,2015,3339972,0.0,1526061.0,3339972.0
3003,2016,3851835,0.0,1926609.0,3851835.0
3003,2017,3818892,1850761.0,1968131.0,3818892.0
3003,2018,3794841,1892995.0,1901846.0,3794841.0
3003,2019,3689163,1882409.0,1806754.0,3689163.0
3003,2020,3626847,1879535.0,1747312.0,3626847.0
3003,2021,4468309,1846509.0,2621800.0,3536334.4350577397
3003,2022,2467455,1544813.0,922642.0,2467455.0
3003,2023,2774328,1864695.0,909633.0,2774328.0
3003,2024,3263146,2244753.0,1018393.0,3263146.0
3003,2025,2718945,1839820.0,879125.0,2718945.0
3003,2026,3438710,2298883.0,1139827.0,3438710.0
3004,2001,12998744,0.0,720162.0,12998744.0
3004,2002,13976868,0.0,997405.0,13976868.0
3004,2003,14311896,0.0,1243783.0,14311896.0
3004,2004,14654000,0.0,1425752.0,14654000.0
3004,2005,14681749,0.0,1358959.0,14681749.0
3004,2006,14250989,0.0,1257071.0,14250989.0
3004,2007,13989251,0.0,1256663.0,13989251.0
3004,2008,13736695,0.0,1294280.0,13736695.0
3004,2009,13916031,0.0,1378946.0,13916031.0
3004,2010,15352740,0.0,5300433.0,15352740.0
3004,2011,16021848,0.0,5715737.0,16021848.0
3004,2012,16769710,0.0,6287407.0,16769710.0
3004,2013,16723975,0.0,6224381.0,16723975.0
3004,2014,16890375,0.0,6613672.0,16890375.0
3004,2015,17405056,0.0,7023708.0,17405056.0
3004,2016,18171176,0.0,7464299.0,18171176.0
3004,2017,18258370,10633202.0,7625168.0,18258370.0
3004,2018,18351729,10865765.0,7485964.0,18351729.0
3004,2019,19174253,11134979.0,8039274.0,19174253.0
3004,2020,19927886,11745665.0,8182221.0,19927886.0
3004,2021,30061632,12467369.0,17594263.0,20898788.35986311
3004,2022,22321219,14151147.0,8170072.0,22321219.0
3004,2023,24291938,15943858.0,8348080.0,24291938.0
3004,2024,25922427,16496385.0,9426042.0,25922427.0
3004,2025,25475373,16317306.0,9158067.0,25475373.0
3004,2026,28008217,17915905.0,10092312.0,28008217.0
3005,2001,4895152,0.0,255329.0,4895152.0
3005,2002,5328209,0.0,469501.0,5328209.0
3005,2003,5539018,0.0,606956.0,5539018.0
3005,2004,5932316,0.0,843377.0,5932316.0
3005,2005,6307863,0.0,1082233.0,6307863.0
3005,2006,6363501,0.0,947725.0,6363501.0
3005,2007,6532405,0.0,962896.0,6532405.0
3005,2008,6831375,0.0,1107007.0,6831375.0
3005,2009,7384761,0.0,1303973.0,7384761.0
3005,2010,8674348,0.0,3959978.0,8674348.0
3005,2011,8971550,0.0,3925286.0,8971550.0
3005,2012,9522484,0.0,4291575.0,9522484.0
3005,2013,9304493,0.0,3717193.0,9304493.0
3005,2014,9100164,0.0,3410517.0,9100164.0
3005,2015,9246530,0.0,3448626.0,9246530.0
3005,2016,9711613,0.0,3645134.0,9711613.0
3005,2017,9891873,6168180.0,3723693.0,9891873.0
3005,2018,9977098,6378816.0,3598282.0,9977098.0
3005,2019,9775148,6356780.0,3418368.0,9775148.0
3005,2020,9583963,6278059.0,3305904.0,9583963.0
3005,2021,12258055,5998381.0,6259674.0,9195520.758130841
3005,2022,6653576,4489624.0,2163952.0,6653576.0
3005,2023,7147484,4642645.0,2504839.0,7147484.0
3005,2024,8080441,4899349.0,3181092.0,8080441.0
3005,2025,9824948,5538247.0,4286701.0,9824948.0
3005,2026,10661948,5877054.0,4784894.0,10661948.0
3006,2001,1587913,0.0,43967.0,1587913.0
3006,2002,1647679,0.0,75067.0,1647679.0
3006,2003,1851630,0.0,119672.0,1851630.0
3006,2004,2020726,0.0,187339.0,2020726.0
3006,2005,2238420,0.0,200223.0,2238420.0
3006,2006,2304011,0.0,166914.0,2304011.0
3006,2007,2466257,0.0,160986.0,2466257.0
3006,2008,2648158,0.0,150145.0,2648158.0
3006,2009,2923053,0.0,145145.0,2923053.0
3006,2010,3422185,0.0,1060967.0,3422185.0
3006,2011,3469703,0.0,873452.0,3469703.0
3006,2012,3991937,0.0,1090519.0,3991937.0
3006,2013,4776827,0.0,1550058.0,4776827.0
3006,2014,5274879,0.0,1946444.0,5274879.0
3006,2015,5677120,0.0,2353686.0,5677120.0
3006,2016,6935680,0.0,3468732.0,6935680.0
3006,2017,7083808,3540319.0,3543489.0,7083808.0
3006,2018,7194818,3770671.0,3424147.0,7194818.0
3006,2019,7109846,3856906.0,3252940.0,7109846.0
3006,2020,7079808,3933890.0,3145918.0,7079808.0
3006,2021,8899357,3968872.0,4930485.0,7011289.29754386
3006,2022,4588489,3120749.0,1467740.0,4588489.0
3006,2023,4356586,2876087.0,1480499.0,4356586.0
3006,2024,4358618,2700110.0,1658508.0,4358618.0
3006,2025,5272376,3054420.0,2217956.0,5272376.0
3006,2026,6061006,3446654.0,2614352.0,6061006.0
3007,2001,7314687,0.0,389569.0,7314687.0
3007,2002,7814624,0.0,678388.0,7814624.0
3007,2003,8308485,0.0,673376.0,8308485.0
3007,2004,8786804,0.0,607736.0,8786804.0
3007,2005,8936962,0.0,706478.0,8936962.0
3007,2006,8999395,0.0,827267.0,8999395.0
3007,2007,9093633,0.0,744647.0,9093633.0
3007,2008,8728808,0.0,596093.0,8728808.0
3007,2009,8325502,0.0,372919.0,8325502.0
3007,2010,8914126,0.0,2664355.0,8914126.0
3007,2011,9453935,0.0,2827764.0,9453935.0
3007,2012,10408683,0.0,3328245.0,10408683.0
3007,2013,10973317,0.0,3504547.0,10973317.0
3007,2014,11307884,0.0,3827663.0,11307884.0
3007,2015,11299717,0.0,4105166.0,11299717.0
3007,2016,11417455,0.0,4301296.0,11417455.0
3007,2017,11704499,7310502.0,4393997.0,11704499.0
3007,2018,11724598,7478587.0,4246011.0,11724598.0
3007,2019,11508114,7474404.0,4033710.0,11508114.0
3007,2020,11397507,7496506.0,3901001.0,11397507.0
3007,2021,14689845,7385389.0,7304456.0,11158047.066782389
3007,2022,9550925,6504162.0,3046763.0,9550925.0
3007,2023,10369681,6635317.0,3734364.0,10369681.0
3007,2024,11538694,6499964.0,5038730.0,11538694.0
3007,2025,9674411,5393811.0,4280600.0,9674411.0
3007,2026,8254622,5200433.0,3054189.0,8254622.0
3010,2001,49129448,0.0,5588805.0,49129448.0
3010,2002,53503510,0.0,7954386.0,53503510.0
3010,2003,57652184,0.0,10221591.0,57652184.0
3010,2004,62300633,0.0,12193616.0,62300633.0
3010,2005,64841040,0.0,13773160.0,64841040.0
3010,2006,65641207,0.0,14247813.0,65641207.0
3010,2007,64635639,0.0,13819697.0,64635639.0
3010,2008,63198000,0.0,13640873.0,63198000.0
3010,2009,62668460,0.0,12961027.0,62668460.0
3010,2010,68866781,0.0,32659241.0,68866781.0
3010,2011,73929572,0.0,35652921.0,73929572.0
3010,2012,80164798,0.0,38797505.0,80164798.0
3010,2013,81716448,0.0,37626073.0,81716448.0
3010,2014,84081660,0.0,39156089.0,84081660.0
3010,2015,85629841,0.0,40473615.0,85629841.0
3010,2016,87326232,0.0,41726828.0,87326232.0
3010,2017,89195340,46569225.0,42626115.0,89195340.0
3010,2018,88054687,46864184.0,41190503.0,88054687.0
3010,2019,85358197,46227219.0,39130978.0,85358197.0
3010,2020,86300278,46680414.0,39619864.0,86300278.0
3010,2021,128741305,46850222.0,81891083.0,86233376.07389471
3010,2022,86963681,46169968.0,40793713.0,86963681.0
3010,2023,98356628,50193228.0,48163400.0,98356628.0
3010,2024,102833586,53241854.0,49591732.0,102833586.0
3010,2025,98048131,51817206.0,46230925.0,98048131.0
3013,2001,80182359,0.0,8901889.0,80182359.0
3013,2002,86083956,0.0,12030903.0,86083956.0
3013,2003,88920957,0.0,13462271.0,88920957.0
3013,2004,89412318,0.0,14903584.0,89412318.0
3013,2005,90619135,0.0,16215215.0,90619135.0
3013,2006,91162023,0.0,17028054.0,91162023.0
3013,2007,93229732,0.0,17212183.0,93229732.0
3013,2008,96138413,0.0,16652755.0,96138413.0
3013,2009,104662869,0.0,17316183.0,104662869.0
3013,2010,122989645,0.0,53398039.0,122989645.0
3013,2011,137808179,0.0,62448118.0,137808179.0
3013,2012,152734395,0.0,70877119.0,152734395.0
3013,2013,152293933,0.0,65271754.0,152293933.0
3013,2014,156198175,0.0,67301991.0,156198175.0
3013,2015,162308527,0.0,72401480.0,162308527.0
3013,2016,164081786,0.0,73405081.0,164081786.0
3013,2017,169061785,90616087.0,78445698.0,169061785.0
3013,2018,169425334,89661819.0,79763515.0,169425334.0
3013,2019,171497997,88663435.0,82834562.0,171497997.0
3013,2020,177882098,91086046.0,86796052.0,177882098.0
3013,2021,286305869,94094591.0,192211278.0,185604379.2869418
3013,2022,193565978,96402360.0,97163618.0,193565978.0
3013,2023,196013585,97780933.0,98232652.0,196013585.0
3013,2024,204439251,105060012.0,99379239.0,204439251.0
3013,2025,213248431,109174410.0,104074021.0,213248431.0
3013,2026,221385608,110867696.0,110517912.0,221385608.0
3014,2001,24628188,0.0,2059881.0,24628188.0
3014,2002,25938180,0.0,2753560.0,25938180.0
3014,2003,26872946,0.0,3336782.0,26872946.0
3014,2004,28108847,0.0,3903952.0,28108847.0
3014,2005,27264320,0.0,4476009.0,27264320.0
3014,2006,28222376,0.0,5079830.0,28222376.0
3014,2007,29541320,0.0,5322959.0,29541320.0
3014,2008,30017504,0.0,5336427.0,30017504.0
3014,2009,30413696,0.0,5053890.0,30413696.0
3014,2010,34376334,0.0,15331935.0,34376334.0
3014,2011,36939385,0.0,16933413.0,36939385.0
3014,2012,39455778,0.0,18319596.0,39455778.0
3014,2013,39712955,0.0,17989861.0,39712955.0
3014,2014,40523059,0.0,18731927.0,40523059.0
3014,2015,41093834,0.0,18915354.0,41093834.0
3014,2016,41325807,0.0,18521770.0,41325807.0
3014,2017,44439735,23386843.0,21052892.0,44439735.0
3014,2018,46241121,24081639.0,22159482.0,46241121.0
3014,2019,47047392,24388898.0,22658494.0,47047392.0
3014,2020,48341662,25194502.0,23147160.0,48341662.0
3014,2021,74205922,25840587.0,48365335.0,49100499.5263965
3014,2022,51244345,27539140.0,23705205.0,51244345.0
3014,2023,54950636,30662349.0,24288287.0,54950636.0
3014,2024,55282508,31145614.0,24136894.0,55282508.0
3014,2025,54465752,29122866.0,25342886.0,54465752.0
3014,2026,51753436,26668642.0,25084794.0,51753436.0
3016,2001,16015182,0.0,761594.0,16015182.0
3016,2002,16016373,0.0,1039758.0,16016373.0
3016,2003,16588049,0.0,1244916.0,16588049.0
3016,2004,16969846,0.0,1419071.0,16969846.0
3016,2005,17369458,0.0,1898036.0,17369458.0
3016,2006,17918780,0.0,2455496.0,17918780.0
3016,2007,18659736,0.0,2672422.0,18659736.0
3016,2008,18989168,0.0,2788664.0,18989168.0
3016,2009,19347640,0.0,2607517.0,19347640.0
3016,2010,20936542,0.0,8282628.0,20936542.0
3016,2011,22118548,0.0,8251665.0,22118548.0
3016,2012,23719798,0.0,8691909.0,23719798.0
3016,2013,24551728,0.0,8730584.0,24551728.0
3016,2014,25251599,0.0,9435247.0,25251599.0
3016,2015,26076110,0.0,10219083.0,26076110.0
3016,2016,27045701,0.0,10688454.0,27045701.0
3016,2017,28346525,16689029.0,11657496.0,28346525.0
3016,2018,29577152,17081143.0,12496009.0,29577152.0
3016,2019,30648528,17385148.0,13263380.0,30648528.0
3016,2020,33010743,18602644.0,14408099.0,33010743.0
3016,2021,54204501,20195726.0,34008775.0,36167032.9861186
3016,2022,42575185,25973884.0,16601301.0,42575185.0
3016,2023,44449378,28541184.0,15908194.0,44449378.0
3016,2024,47084992,30025624.0,17059368.0,47084992.0
3016,2025,48273626,29772808.0,18500818.0,48273626.0
3016,2026,50346535,30802094.0,19544441.0,50346535.0
3019,2001,90679368,0.0,8307687.0,90679368.0
3019,2002,97789456,0.0,11133725.0,97789456.0
3019,2003,103005255,0.0,13664572.0,103005255.0
3019,2004,106441907,0.0,15365694.0,106441907.0
3019,2005,109619429,0.0,17277500.0,109619429.0
3019,2006,112794947,0.0,19709820.0,112794947.0
3019,2007,114797207,0.0,20897560.0,114797207.0
3019,2008,115319577,0.0,21359168.0,115319577.0
3019,2009,118098567,0.0,22676107.0,118098567.0
3019,2010,130579911,0.0,59876487.0,130579911.0
3019,2011,138918181,0.0,63655179.0,138918181.0
3019,2012,153639018,0.0,73231630.0,153639018.0
3019,2013,157779766,0.0,72939934.0,157779766.0
3019,2014,163261485,0.0,76521226.0,163261485.0
3019,2015,171104108,0.0,82335843.0,171104108.0
3019,2016,176655314,0.0,84804893.0,176655314.0
3019,2017,184605997,94632784.0,89973213.0,184605997.0
3019,2018,187021523,96436308.0,90585215.0,187021523.0
3019,2019,182265946,95788078.0,86477868.0,182265946.0
3019,2020,183472303,95936204.0,87536099.0,183472303.0
3019,2021,287800613,97299757.0,190500856.0,188345673.11555588
3019,2022,191682874,100217285.0,91465589.0,191682874.0
3019,2023,180611789,94870189.0,85741600.0,180611789.0
3019,2024,181718120,96646012.0,85072108.0,181718120.0
3019,2025,195177470,103800648.0,91376822.0,195177470.0
3019,2026,204552478,105759278.0,98793200.0,204552478.0
3020,2001,24323854,0.0,1783275.0,24323854.0
3020,2002,25304657,0.0,2310354.0,25304657.0
3020,2003,26258015,0.0,2844923.0,26258015.0
3020,2004,27224422,0.0,3121884.0,27224422.0
3020,2005,25793994,0.0,2937284.0,25793994.0
3020,2006,25101019,0.0,2906865.0,25101019.0
3020,2007,24585181,0.0,2799653.0,24585181.0
3020,2008,23767440,0.0,2544903.0,23767440.0
3020,2009,22590894,0.0,2510968.0,22590894.0
3020,2010,24499954,0.0,9617986.0,24499954.0
3020,2011,25378511,0.0,10451438.0,25378511.0
3020,2012,26332044,0.0,10757739.0,26332044.0
3020,2013,26097149,0.0,9879727.0,26097149.0
3020,2014,27030971,0.0,10424559.0,27030971.0
3020,2015,28423711,0.0,11262157.0,28423711.0
3020,2016,29456891,0.0,11510981.0,29456891.0
3020,2017,31745202,18188206.0,13556996.0,31745202.0
3020,2018,33442256,18381832.0,15060424.0,33442256.0
3020,2019,34233061,18340530.0,15892531.0,34233061.0
3020,2020,35345404,18931954.0,16413450.0,35345404.0
3020,2021,53682865,19474602.0,34208263.0,35926079.2216382
3020,2022,34441123,18453725.0,15987398.0,34441123.0
3020,2023,33333108,17964869.0,15368239.0,33333108.0
3020,2024,37585210,21227058.0,16358152.0,37585210.0
3020,2025,38778347,22110470.0,16667877.0,38778347.0
3020,2026,39193662,21519325.0,17674337.0,39193662.0
3025,2001,22681422,0.0,2034196.0,22681422.0
3025,2002,23223322,0.0,2314454.0,23223322.0
3025,2003,23266021,0.0,2573395.0,23266021.0
3025,2004,22753445,0.0,2495128.0,22753445.0
3025,2005,22349890,0.0,2667217.0,22349890.0
3025,2006,22131735,0.0,3016892.0,22131735.0
3025,2007,22343966,0.0,3303523.0,22343966.0
3025,2008,22609891,0.0,3438184.0,22609891.0
3025,2009,23026920,0.0,3161527.0,23026920.0
3025,2010,25529488,0.0,9976423.0,25529488.0
3025,2011,27050258,0.0,10117360.0,27050258.0
3025,2012,28979398,0.0,10494021.0,28979398.0
3025,2013,31335405,0.0,11261113.0,31335405.0
3025,2014,34035087,0.0,12510403.0,34035087.0
3025,2015,35881820,0.0,13120484.0,35881820.0
3025,2016,39545845,0.0,15062126.0,39545845.0
3025,2017,41569920,26183178.0,15386742.0,41569920.0
3025,2018,43897312,27882585.0,16014727.0,43897312.0
3025,2019,44258939,28464054.0,15794885.0,44258939.0
3025,2020,45431482,29620984.0,15810498.0,45431482.0
3025,2021,65806094,30649639.0,35156455.0,47372210.0603461
3025,2022,47352472,30316330.0,17036142.0,47352472.0
3025,2023,48530421,31331018.0,17199403.0,48530421.0
3025,2024,51526657,32626464.0,18900193.0,51526657.0
3025,2025,54103843,33475332.0,20628511.0,54103843.0
3025,2026,58406124,35393486.0,23012638.0,58406124.0
3027,2001,13714671,0.0,713410.0,13714671.0
3027,2002,14077802,0.0,1040525.0,14077802.0
3027,2003,14570092,0.0,1249384.0,14570092.0
3027,2004,14971635,0.0,1328726.0,14971635.0
3027,2005,15867959,0.0,1495109.0,15867959.0
3027,2006,16934843,0.0,1655230.0,16934843.0
3027,2007,18339044,0.0,1869714.0,18339044.0
3027,2008,19784043,0.0,2145288.0,19784043.0
3027,2009,21565311,0.0,2294997.0,21565311.0
3027,2010,25137681,0.0,10106299.0,25137681.0
3027,2011,28012407,0.0,11690229.0,28012407.0
3027,2012,30521585,0.0,12600622.0,30521585.0
3027,2013,31428445,0.0,12154315.0,31428445.0
3027,2014,32014308,0.0,12479304.0,32014308.0
3027,2015,32897095,0.0,13116818.0,32897095.0
3027,2016,34717915,0.0,14681239.0,34717915.0
3027,2017,35694872,19846932.0,15847940.0,35694872.0
3027,2018,35070473,19756278.0,15314195.0,35070473.0
3027,2019,35631691,19633827.0,15997864.0,35631691.0
3027,2020,36525751,19622443.0,16903308.0,36525751.0
3027,2021,53827128,19005310.0,34821818.0,35751858.7851567
3027,2022,31891857,15858732.0,16033125.0,31891857.0
3027,2023,33186798,16956684.0,16230114.0,33186798.0
3027,2024,33883655,17306833.0,16576822.0,33883655.0
3027,2025,32998039,17109544.0,15888495.0,32998039.0
3029,2001,21737094,0.0,2262753.0,21737094.0
3029,2002,22590141,0.0,2909850.0,22590141.0
3029,2003,23876437,0.0,3464769.0,23876437.0
3029,2004,23697855,0.0,3481966.0,23697855.0
3029,2005,22823994,0.0,3064403.0,22823994.0
3029,2006,22176468,0.0,2964274.0,22176468.0
3029,2007,21781493,0.0,2881409.0,21781493.0
3029,2008,21538943,0.0,2943988.0,21538943.0
3029,2009,21336074,0.0,3022742.0,21336074.0
3029,2010,23896412,0.0,10492601.0,23896412.0
3029,2011,25109119,0.0,11102810.0,25109119.0
3029,2012,26351518,0.0,11703507.0,26351518.0
3029,2013,26936493,0.0,11387915.0,26936493.0
3029,2014,27452196,0.0,11482720.0,27452196.0
3029,2015,27735339,0.0,11864220.0,27735339.0
3029,2016,27669249,0.0,11920937.0,27669249.0
3029,2017,28007339,15603441.0,12403898.0,28007339.0
3029,2018,27847944,15608881.0,12239063.0,27847944.0
3029,2019,26798975,15171865.0,11627110.0,26798975.0
3029,2020,26350551,15105973.0,11244578.0,26350551.0
3029,2021,38410268,15336016.0,23074252.0,26432911.816145502
3029,2022,27011611,15217026.0,11794585.0,27011611.0
3029,2023,30849454,16850703.0,13998751.0,30849454.0
3029,2024,38946131,19713567.0,19232564.0,38946131.0
3029,2025,43820342,21291217.0,22529125.0,43820342.0
3029,2026,45629927,22314022.0,23315905.0,45629927.0
3030,2001,10982645,0.0,601620.0,10982645.0
3030,2002,12009439,0.0,894494.0,12009439.0
3030,2003,13242515,0.0,1205608.0,13242515.0
3030,2004,14497202,0.0,1589712.0,14497202.0
3030,2005,16123878,0.0,1939573.0,16123878.0
3030,2006,17395800,0.0,2294488.0,17395800.0
3030,2007,17965462,0.0,2269505.0,17965462.0
3030,2008,17913399,0.0,2193763.0,17913399.0
3030,2009,18265490,0.0,2247692.0,18265490.0
3030,2010,20193168,0.0,7331717.0,20193168.0
3030,2011,21862787,0.0,7897557.0,21862787.0
3030,2012,23843055,0.0,8708589.0,23843055.0
3030,2013,24442563,0.0,8617912.0,24442563.0
3030,2014,25454957,0.0,9344327.0,25454957.0
3030,2015,26835057,0.0,10184205.0,26835057.0
3030,2016,29100993,0.0,11052965.0,29100993.0
3030,2017,30310136,19018960.0,11291176.0,30310136.0
3030,2018,31298257,19598296.0,11699961.0,31298257.0
3030,2019,32777494,19751088.0,13026406.0,32777494.0
3030,2020,34172636,19988998.0,14183638.0,34172636.0
3030,2021,52346968,20453826.0,31893142.0,35587255.7411475
3030,2022,37132978,20839807.0,16293171.0,37132978.0
3030,2023,42829550,23997700.0,18831850.0,42829550.0
3030,2024,52735408,30037103.0,22698305.0,52735408.0
3030,2025,59605858,32814481.0,26791377.0,59605858.0
3030,2026,63386040,34831005.0,28555035.0,63386040.0
3032,2001,20093875,0.0,1245058.0,20093875.0
3032,2002,21532285,0.0,1699320.0,21532285.0
3032,2003,22650886,0.0,2174379.0,22650886.0
3032,2004,23569479,0.0,2616848.0,23569479.0
3032,2005,24063266,0.0,2831524.0,24063266.0
3032,2006,24536474,0.0,2814994.0,24536474.0
3032,2007,24585481,0.0,2546302.0,24585481.0
3032,2008,24393134,0.0,2505358.0,24393134.0
3032,2009,24960917,0.0,2672463.0,24960917.0
3032,2010,27704062,0.0,10596821.0,27704062.0
3032,2011,30494077,0.0,12566894.0,30494077.0
3032,2012,33577443,0.0,14270313.0,33577443.0
3032,2013,35705733,0.0,14685879.0,35705733.0
3032,2014,37337139,0.0,15369580.0,37337139.0
3032,2015,37741170,0.0,15613716.0,37741170.0
3032,2016,38068583,0.0,15741710.0,38068583.0
3032,2017,38818471,22303418.0,16515053.0,38818471.0
3032,2018,40451111,23169577.0,17281534.0,40451111.0
3032,2019,41096997,23905484.0,17191513.0,41096997.0
3032,2020,41427329,24663393.0,16763936.0,41427329.0
3032,2021,60950311,25290058.0,35660253.0,42420689.5301769
3032,2022,41470890,25154439.0,16316451.0,41470890.0
3032,2023,42175399,26006458.0,16168941.0,42175399.0
3032,2024,46250775,28270010.0,17980765.0,46250775.0
3032,2025,49463699,29973475.0,19490224.0,49463699.0
3032,2026,51527556,30310506.0,21217050.0,51527556.0
3033,2001,35885684,0.0,2666138.0,35885684.0
3033,2002,50860423,0.0,7335058.0,50860423.0
3033,2003,53862695,0.0,8582189.0,53862695.0
3033,2004,56834673,0.0,10602642.0,56834673.0
3033,2005,62485201,0.0,14486690.0,62485201.0
3033,2006,68249519,0.0,17248705.0,68249519.0
3033,2007,71721436,0.0,18073910.0,71721436.0
3033,2008,72702215,0.0,17881023.0,72702215.0
3033,2009,73193802,0.0,16468895.0,73193802.0
3033,2010,79955528,0.0,37209611.0,79955528.0
3033,2011,82641909,0.0,38064948.0,82641909.0
3033,2012,90297510,0.0,42889039.0,90297510.0
3033,2013,95717467,0.0,44825185.0,95717467.0
3033,2014,98932668,0.0,46689198.0,98932668.0
3033,2015,102188941,0.0,49211402.0,102188941.0
3033,2016,105207986,0.0,50985347.0,105207986.0
3033,2017,115546110,55887941.0,59658169.0,115546110.0
3033,2018,120240294,57139186.0,63101108.0,120240294.0
3033,2019,123185967,57768490.0,65417477.0,123185967.0
3033,2020,126141524,59083721.0,67057803.0,126141524.0
3033,2021,197456056,59495907.0,137960149.0,125843861.1643945
3033,2022,115213731,53648762.0,61564969.0,115213731.0
3033,2023,111732293,52476862.0,59255431.0,111732293.0
3033,2024,125022054,58237230.0,66784824.0,125022054.0
3033,2025,134666685,62363474.0,72303211.0,134666685.0
3033,2026,136790018,64192557.0,72597461.0,136790018.0
3034,2001,19567992,0.0,609081.0,19567992.0
3034,2002,19623305,0.0,779532.0,19623305.0
3034,2003,20535041,0.0,1010970.0,20535041.0
3034,2004,20853458,0.0,1106856.0,20853458.0
3034,2005,22102891,0.0,1231201.0,22102891.0
3034,2006,23268947,0.0,1620975.0,23268947.0
3034,2007,23967820,0.0,1736373.0,23967820.0
3034,2008,23994266,0.0,1649788.0,23994266.0
3034,2009,24636475,0.0,1669328.0,24636475.0
3034,2010,26765383,0.0,8011150.0,26765383.0
3034,2011,27074053,0.0,8542919.0,27074053.0
3034,2012,27430586,0.0,9107276.0,27430586.0
3034,2013,28435579,0.0,9678634.0,28435579.0
3034,2014,29835667,0.0,10757214.0,29835667.0
3034,2015,31255496,0.0,11321906.0,31255496.0
3034,2016,33378279,0.0,12288157.0,33378279.0
3034,2017,34676492,21285641.0,13390851.0,34676492.0
3034,2018,34204805,21264947.0,12939858.0,34204805.0
3034,2019,33438797,21145932.0,12292865.0,33438797.0
3034,2020,33425353,21525865.0,11899488.0,33425353.0
3034,2021,47926774,22010716.0,25916058.0,34394654.341820404
3034,2022,38172479,24817631.0,13354848.0,38172479.0
3034,2023,42474565,27264714.0,15209851.0,42474565.0
3034,2024,48981590,30396426.0,18585164.0,48981590.0
3034,2025,51357282,32798728.0,18558554.0,51357282.0
3034,2026,51382132,34068909.0,17313223.0,51382132.0
3035,2001,70385152,0.0,6139421.0,70385152.0
3035,2002,70841476,0.0,8078236.0,70841476.0
3035,2003,73048205,0.0,9639300.0,73048205.0
3035,2004,76665726,0.0,11037862.0,76665726.0
3035,2005,80657742,0.0,12705777.0,80657742.0
3035,2006,83757433,0.0,14184850.0,83757433.0
3035,2007,87979284,0.0,15625521.0,87979284.0
3035,2008,93388067,0.0,17954700.0,93388067.0
3035,2009,99972988,0.0,19255736.0,99972988.0
3035,2010,111235395,0.0,51146445.0,111235395.0
3035,2011,118434607,0.0,54260225.0,118434607.0
3035,2012,129000919,0.0,60547167.0,129000919.0
3035,2013,134197340,0.0,61106603.0,134197340.0
3035,2014,141374164,0.0,65646466.0,141374164.0
3035,2015,146892243,0.0,69277037.0,146892243.0
3035,2016,155160168,0.0,74599725.0,155160168.0
3035,2017,165579081,84211508.0,81367573.0,165579081.0
3035,2018,170346130,87173023.0,83173107.0,170346130.0
3035,2019,169985480,88128795.0,81856685.0,169985480.0
3035,2020,176665786,91723989.0,84941797.0,176665786.0
3035,2021,287039990,95438167.0,191601823.0,186291919.2597382
3035,2022,199664092,102424908.0,97239184.0,199664092.0
3035,2023,209259325,107450028.0,101809297.0,209259325.0
3035,2024,238965635,122798840.0,116166795.0,238965635.0
3035,2025,261366549,135257526.0,126109023.0,261366549.0
3035,2026,251889111,129570919.0,122318192.0,251889111.0
3036,2001,104082408,0.0,10738371.0,104082408.0
3036,2002,107399641,0.0,14378439.0,107399641.0
3036,2003,110980980,0.0,17626140.0,110980980.0
3036,2004,118874891,0.0,21901068.0,118874891.0
3036,2005,126769481,0.0,25038357.0,126769481.0
3036,2006,132779643,0.0,26050735.0,132779643.0
3036,2007,138504670,0.0,25779668.0,138504670.0
3036,2008,144250764,0.0,27095313.0,144250764.0
3036,2009,149949301,0.0,29070545.0,149949301.0
3036,2010,168915292,0.0,78123997.0,168915292.0
3036,2011,181074420,0.0,85328092.0,181074420.0
3036,2012,191907904,0.0,91952302.0,191907904.0
3036,2013,189249748,0.0,86391848.0,189249748.0
3036,2014,189244769,0.0,87838703.0,189244769.0
3036,2015,186764595,0.0,88801991.0,186764595.0
3036,2016,185051844,0.0,90001835.0,185051844.0
3036,2017,191256995,95762452.0,95494543.0,191256995.0
3036,2018,197305438,98127748.0,99177690.0,197305438.0
3036,2019,204472821,99880895.0,104591926.0,204472821.0
3036,2020,210568602,103597249.0,106971353.0,210568602.0
3036,2021,321081671,106567611.0,214514060.0,210019606.47759
3036,2022,222931509,111813256.0,111118253.0,222931509.0
3036,2023,234362937,114471132.0,119891805.0,234362937.0
3036,2024,243512096,117206808.0,126305288.0,243512096.0
3036,2025,248154772,121170874.0,126983898.0,248154772.0
3036,2026,245831669,122033532.0,123798137.0,245831669.0
3038,2001,4470774,0.0,251274.0,4470774.0
3038,2002,4766746,0.0,377248.0,4766746.0
3038,2003,4960930,0.0,432317.0,4960930.0
3038,2004,5239055,0.0,450402.0,5239055.0
3038,2005,5687527,0.0,475592.0,5687527.0
3038,2006,6034476,0.0,498334.0,6034476.0
3038,2007,6261580,0.0,398737.0,6261580.0
3038,2008,6253039,0.0,348351.0,6253039.0
3038,2009,6399372,0.0,392962.0,6399372.0
3038,2010,7132724,0.0,2483500.0,7132724.0
3038,2011,7318749,0.0,2338445.0,7318749.0
3038,2012,7824132,0.0,2535012.0,7824132.0
3038,2013,8045441,0.0,2747518.0,8045441.0
3038,2014,8208739,0.0,3109723.0,8208739.0
3038,2015,8188810,0.0,3299533.0,8188810.0
3038,2016,7882839,0.0,3202881.0,7882839.0
3038,2017,7688850,4416941.0,3271909.0,7688850.0
3038,2018,7517808,4356094.0,3161714.0,7517808.0
3038,2019,7244773,4241145.0,3003628.0,7244773.0
3038,2020,7109163,4204354.0,2904809.0,7109163.0
3038,2021,10084191,4119561.0,5964630.0,6988077.8359433
3038,2022,6153108,3326464.0,2826644.0,6153108.0
3038,2023,7138417,4129550.0,3008867.0,7138417.0
3038,2024,9071762,4997742.0,4074020.0,9071762.0
3038,2025,10061450,5075362.0,4986088.0,10061450.0
3038,2026,10587166,5377591.0,5209575.0,10587166.0
3039,2001,14951704,0.0,1182759.0,14951704.0
3039,2002,15557016,0.0,1400881.0,15557016.0
3039,2003,15868188,0.0,1630272.0,15868188.0
3039,2004,16502791,0.0,2012574.0,16502791.0
3039,2005,16155653,0.0,2182116.0,16155653.0
3039,2006,15800320,0.0,2095373.0,15800320.0
3039,2007,15249847,0.0,1766527.0,15249847.0
3039,2008,14778542,0.0,1583842.0,14778542.0
3039,2009,14088816,0.0,1466145.0,14088816.0
3039,2010,14766983,0.0,5095702.0,14766983.0
3039,2011,14334572,0.0,4725462.0,14334572.0
3039,2012,14539134,0.0,4828382.0,14539134.0
3039,2013,14229642,0.0,4572266.0,14229642.0
3039,2014,14589627,0.0,5220465.0,14589627.0
3039,2015,15254732,0.0,6163846.0,15254732.0
3039,2016,15777898,0.0,6867208.0,15777898.0
3039,2017,16338615,8913576.0,7425039.0,16338615.0
3039,2018,16344368,9072274.0,7272094.0,16344368.0
3039,2019,16457931,9093954.0,7363977.0,16457931.0
3039,2020,16661531,9114384.0,7547147.0,16661531.0
3039,2021,24723640,9083459.0,15640181.0,16605152.677680481
3039,2022,17409091,9261262.0,8147829.0,17409091.0
3039,2023,17907725,9929354.0,7978371.0,17907725.0
3039,2024,18574466,10271411.0,8303055.0,18574466.0
3039,2025,19376328,10316412.0,9059916.0,19376328.0
3039,2026,19127598,9982139.0,9145459.0,19127598.0
3040,2001,99025380,0.0,9421763.0,99025380.0
3040,2002,103719967,0.0,12432107.0,103719967.0
3040,2003,108148110,0.0,14543590.0,108148110.0
3040,2004,113693151,0.0,17395230.0,113693151.0
3040,2005,118397157,0.0,21150451.0,118397157.0
3040,2006,122030205,0.0,23727428.0,122030205.0
3040,2007,122951313,0.0,23941310.0,122951313.0
3040,2008,128473882,0.0,24526809.0,128473882.0
3040,2009,137451906,0.0,25483164.0,137451906.0
3040,2010,155842977,0.0,73475040.0,155842977.0
3040,2011,165580881,0.0,78298616.0,165580881.0
3040,2012,175507193,0.0,83733526.0,175507193.0
3040,2013,177323412,0.0,81198475.0,177323412.0
3040,2014,179528595,0.0,82282521.0,179528595.0
3040,2015,180566039,0.0,83030194.0,180566039.0
3040,2016,180905301,0.0,83501214.0,180905301.0
3040,2017,184626389,97465365.0,87161024.0,184626389.0
3040,2018,185555796,97508015.0,88047781.0,185555796.0
3040,2019,179952223,95918046.0,84034177.0,179952223.0
3040,2020,178474984,93517054.0,84957930.0,178474984.0
3040,2021,274510360,91933059.0,182577301.0,179438325.4485111
3040,2022,178391184,90173615.0,88217569.0,178391184.0
3040,2023,192353810,95933704.0,96420106.0,192353810.0
3040,2024,201525251,102046959.0,99478292.0,201525251.0
3040,2025,200062494,104725797.0,95336697.0,200062494.0
3040,2026,212588701,109518380.0,103070321.0,212588701.0
3042,2001,17547514,0.0,1013098.0,17547514.0
3042,2002,17700729,0.0,1335606.0,17700729.0
3042,2003,18044910,0.0,1495461.0,18044910.0
3042,2004,18766266,0.0,1745934.0,18766266.0
3042,2005,19918173,0.0,2049454.0,19918173.0
3042,2006,21330369,0.0,2372759.0,21330369.0
3042,2007,23562694,0.0,2939693.0,23562694.0
3042,2008,25551483,0.0,3301793.0,25551483.0
3042,2009,27816937,0.0,3237362.0,27816937.0
3042,2010,32735049,0.0,12476934.0,32735049.0
3042,2011,37042437,0.0,14553622.0,37042437.0
3042,2012,40537696,0.0,15656547.0,40537696.0
3042,2013,41756441,0.0,14649904.0,41756441.0
3042,2014,44656344,0.0,16293459.0,44656344.0
3042,2015,47609881,0.0,18151163.0,47609881.0
3042,2016,50167105,0.0,19629158.0,50167105.0
3042,2017,52746006,30847741.0,21898265.0,52746006.0
3042,2018,53587469,30990812.0,22596657.0,53587469.0
3042,2019,52571879,30583173.0,21988706.0,52571879.0
3042,2020,52474025,30903416.0,21570609.0,52474025.0
3042,2021,72857176,30830953.0,42026223.0,51691888.962143704
3042,2022,48384663,29068532.0,19316131.0,48384663.0
3042,2023,52786093,31692976.0,21093117.0,52786093.0
3042,2024,56855908,33921139.0,22934769.0,56855908.0
3042,2025,55800954,33086088.0,22714866.0,55800954.0
3042,2026,57751236,34422945.0,23328291.0,57751236.0
3043,2001,335796,0.0,481.0,335796.0
3043,2002,482191,0.0,4002.0,482191.0
3043,2003,611057,0.0,5102.0,611057.0
3043,2004,795997,0.0,41880.0,795997.0
3043,2005,1028880,0.0,72389.0,1028880.0
3043,2006,1033865,0.0,61116.0,1033865.0
3043,2007,1070296,0.0,50629.0,1070296.0
3043,2008,1099554,0.0,34825.0,1099554.0
3043,2009,1203755,0.0,77929.0,1203755.0
3043,2010,1718326,0.0,810203.0,1718326.0
3043,2011,1816499,0.0,733509.0,1816499.0
3043,2012,2337912,0.0,960946.0,2337912.0
3043,2013,2583089,0.0,963831.0,2583089.0
3043,2014,3236115,0.0,1383940.0,3236115.0
3043,2015,4153243,0.0,2071072.0,4153243.0
3043,2016,4761828,0.0,2488112.0,4761828.0
3043,2017,5155268,2428891.0,2726377.0,5155268.0
3043,2018,5999194,2776828.0,3222366.0,5999194.0
3043,2019,7073516,3112889.0,3960627.0,7073516.0
3043,2020,8424341,3739106.0,4685235.0,8424341.0
3043,2021,16348914,4597473.0,11751441.0,10048246.971083991
3043,2022,11382454,6211468.0,5170986.0,11382454.0
3043,2023,9990007,5545472.0,4444535.0,9990007.0
3043,2024,11915364,6488994.0,5426370.0,11915364.0
3043,2025,13448977,7120267.0,6328710.0,13448977.0
3043,2026,15573369,7850812.0,7722557.0,15573369.0
3044,2001,265304,0.0,9627.0,265304.0
3044,2002,326844,0.0,12521.0,326844.0
3044,2003,334215,0.0,19993.0,334215.0
3044,2004,346595,0.0,13954.0,346595.0
3044,2005,467905,0.0,0.0,467905.0
3044,2006,466381,0.0,0.0,466381.0
3044,2007,527922,0.0,327.0,527922.0
3044,2008,556266,0.0,17996.0,556266.0
3044,2009,629237,0.0,61531.0,629237.0
3044,2010,963209,0.0,477947.0,963209.0
3044,2011,834635,0.0,304470.0,834635.0
3044,2012,950179,0.0,356604.0,950179.0
3044,2013,1052380,0.0,377802.0,1052380.0
3044,2014,1085705,0.0,423132.0,1085705.0
3044,2015,1215306,0.0,525193.0,1215306.0
3044,2016,1516024,0.0,730578.0,1516024.0
3044,2017,1565690,819367.0,746323.0,1565690.0
3044,2018,1550538,829351.0,721187.0,1550538.0
3044,2019,1547370,862242.0,685128.0,1547370.0
3044,2020,1714856,1052269.0,662587.0,1714856.0
3044,2021,2343962,1214150.0,1129812.0,1854937.887646053
3044,2022,2183156,1702450.0,480706.0,2183156.0
3044,2023,2739981,2222326.0,517655.0,2739981.0
3044,2024,2843803,2116002.0,727801.0,2843803.0
3044,2025,2703065,1727823.0,975242.0,2703065.0
3044,2026,2942304,1863846.0,1078458.0,2942304.0
3045,2001,23803002,0.0,1980169.0,23803002.0
3045,2002,25627378,0.0,2680203.0,25627378.0
3045,2003,28142870,0.0,3372564.0,28142870.0
3045,2004,30708455,0.0,4375345.0,30708455.0
3045,2005,31000996,0.0,4994193.0,31000996.0
3045,2006,31141623,0.0,5590973.0,31141623.0
3045,2007,31487421,0.0,5815171.0,31487421.0
3045,2008,31652997,0.0,5670725.0,31652997.0
3045,2009,32155889,0.0,5723822.0,32155889.0
3045,2010,35020185,0.0,16651981.0,35020185.0
3045,2011,35557336,0.0,16308653.0,35557336.0
3045,2012,37410679,0.0,16166259.0,37410679.0
3045,2013,39168352,0.0,16179573.0,39168352.0
3045,2014,41513243,0.0,17521752.0,41513243.0
3045,2015,42835164,0.0,18470929.0,42835164.0
3045,2016,43188276,0.0,19035741.0,43188276.0
3045,2017,46477084,24257491.0,22219593.0,46477084.0
3045,2018,48079915,24642801.0,23437114.0,48079915.0
3045,2019,47368888,24664377.0,22704511.0,47368888.0
3045,2020,46966924,25009391.0,21957533.0,46966924.0
3045,2021,68293104,25397277.0,42895827.0,46632407.1625122
3045,2022,45790877,25859741.0,19931136.0,45790877.0
3045,2023,49478384,26684857.0,22793527.0,49478384.0
3045,2024,51490241,27645641.0,23844600.0,51490241.0
3045,2025,53578262,28627334.0,24950928.0,53578262.0
3045,2026,54121706,28782936.0,25338770.0,54121706.0
4331,2002,271055,0.0,0.0,271055.0
4331,2003,317858,0.0,0.0,317858.0
4331,2004,409904,0.0,0.0,409904.0
4331,2005,669840,0.0,0.0,669840.0
4331,2006,775240,0.0,0.0,775240.0
4331,2007,1025078,0.0,0.0,1025078.0
4331,2008,1018223,0.0,0.0,1018223.0
4331,2009,1012056,0.0,0.0,1012056.0
4331,2010,1316971,0.0,484282.0,1316971.0
4331,2011,1267872,0.0,312212.0,1267872.0
4331,2012,1520341,0.0,333539.0,1520341.0
4331,2013,1593006,0.0,327139.0,1593006.0
4331,2014,1618300,0.0,386354.0,1618300.0
4331,2015,1595617,0.0,446675.0,1595617.0
4331,2016,1524294,0.0,471622.0,1524294.0
4331,2017,1514531,934113.0,580418.0,1514531.0
4331,2018,1575419,909458.0,665961.0,1575419.0
4331,2019,1559767,888184.0,671583.0,1559767.0
4331,2020,1481157,831669.0,649488.0,1481157.0
4331,2021,2007726,819980.0,1187746.0,1448099.8447471191
4331,2022,1105180,636254.0,468926.0,1105180.0
4331,2023,974077,513984.0,460093.0,974077.0
4331,2024,1170689,673016.0,497673.0,1170689.0
4331,2025,1049080,588054.0,461026.0,1049080.0
4331,2026,993336,570943.0,422393.0,993336.0
4449,2016,49500,0.0,2038.0,49500.0
4449,2017,50442,38872.0,11570.0,50442.0
4449,2018,110830,45776.0,65054.0,110830.0
4449,2019,227845,69046.0,158799.0,227845.0
4449,2020,293490,101887.0,191603.0,293490.0
4449,2021,550210,130751.0,419459.0,330958.218572399
4449,2022,403109,193670.0,209439.0,403109.0
4449,2023,436616,208714.0,227902.0,436616.0
4449,2024,653160,387107.0,266053.0,653160.0
4449,2025,679015,381745.0,297270.0,679015.0
4449,2026,679204,400203.0,279001.0,679204.0
6102,2026,130330034,66199119.0,64130915.0,130330034.0
