Institution_raw,Year,total_official
Avondale University,2015,0
Avondale University,2016,0
Avondale University,2017,0
Avondale University,2018,0
Avondale University,2019,0
Avondale University,2020,0
Avondale University,2021,0
Avondale University,2022,0
Avondale University,2023,224
Avondale University,2024,240
Charles Sturt University,2015,9263
Charles Sturt University,2016,9393
Charles Sturt University,2017,8949
Charles Sturt University,2018,9534
Charles Sturt University,2019,9488
Charles Sturt University,2020,10332
Charles Sturt University,2021,9553
Charles Sturt University,2022,8440
Charles Sturt University,2023,7350
Charles Sturt University,2024,7451
Macquarie University,2015,9344
Macquarie University,2016,8470
Macquarie University,2017,9310
Macquarie University,2018,10066
Macquarie University,2019,9979
Macquarie University,2020,9052
Macquarie University,2021,10080
Macquarie University,2022,9041
Macquarie University,2023,8620
Macquarie University,2024,9812
Southern Cross University,2015,2569
Southern Cross University,2016,2471
Southern Cross University,2017,2837
Southern Cross University,2018,3078
Southern Cross University,2019,3554
Southern Cross University,2020,3050
Southern Cross University,2021,4152
Southern Cross University,2022,4186
Southern Cross University,2023,4193
Southern Cross University,2024,4793
The University of New England,2015,3567
The University of New England,2016,3326
The University of New England,2017,3639
The University of New England,2018,3630
The University of New England,2019,3854
The University of New England,2020,3718
The University of New England,2021,3792
The University of New England,2022,3635
The University of New England,2023,3544
The University of New England,2024,3521
The University of Newcastle,2015,7286
The University of Newcastle,2016,6985
The University of Newcastle,2017,7193
The University of Newcastle,2018,6467
The University of Newcastle,2019,6657
The University of Newcastle,2020,7524
The University of Newcastle,2021,7545
The University of Newcastle,2022,7746
The University of Newcastle,2023,7545
The University of Newcastle,2024,7902
The University of Sydney,2015,13653
The University of Sydney,2016,14211
The University of Sydney,2017,15453
The University of Sydney,2018,16549
The University of Sydney,2019,17766
The University of Sydney,2020,16751
The University of Sydney,2021,22332
The University of Sydney,2022,21132
The University of Sydney,2023,20660
The University of Sydney,2024,22589
University of New South Wales,2015,11968
University of New South Wales,2016,12309
University of New South Wales,2017,13010
University of New South Wales,2018,15244
University of New South Wales,2019,16200
University of New South Wales,2020,15449
University of New South Wales,2021,17339
University of New South Wales,2022,17924
University of New South Wales,2023,18450
University of New South Wales,2024,20857
University of Technology Sydney,2015,9671
University of Technology Sydney,2016,10126
University of Technology Sydney,2017,10652
University of Technology Sydney,2018,11337
University of Technology Sydney,2019,11964
University of Technology Sydney,2020,11957
University of Technology Sydney,2021,8440
University of Technology Sydney,2022,11290
University of Technology Sydney,2023,10456
University of Technology Sydney,2024,12357
University of Wollongong,2015,6687
University of Wollongong,2016,6970
University of Wollongong,2017,7063
University of Wollongong,2018,7695
University of Wollongong,2019,7746
University of Wollongong,2020,8249
University of Wollongong,2021,8487
University of Wollongong,2022,7308
University of Wollongong,2023,7267
University of Wollongong,2024,8187
Western Sydney University,2015,8971
Western Sydney University,2016,9190
Western Sydney University,2017,9163
Western Sydney University,2018,9001
Western Sydney University,2019,9512
Western Sydney University,2020,8619
Western Sydney University,2021,8208
Western Sydney University,2022,11809
Western Sydney University,2023,9325
Western Sydney University,2024,10913
Non-University Higher Education Institutions,2015,13684
Non-University Higher Education Institutions,2016,14083
Non-University Higher Education Institutions,2017,14918
Non-University Higher Education Institutions,2018,18688
Non-University Higher Education Institutions,2019,19294
Non-University Higher Education Institutions,2020,17832
Non-University Higher Education Institutions,2021,21641
Non-University Higher Education Institutions,2022,21480
Non-University Higher Education Institutions,2023,23237
Non-University Higher Education Institutions,2024,27579
Deakin University,2015,10431
Deakin University,2016,10458
Deakin University,2017,9539
Deakin University,2018,11973
Deakin University,2019,13227
Deakin University,2020,13674
Deakin University,2021,16322
Deakin University,2022,13516
Deakin University,2023,13316
Deakin University,2024,14366
Federation University Australia,2015,3830
Federation University Australia,2016,3198
Federation University Australia,2017,3221
Federation University Australia,2018,2785
Federation University Australia,2019,3418
Federation University Australia,2020,4397
Federation University Australia,2021,4273
Federation University Australia,2022,3068
Federation University Australia,2023,3259
Federation University Australia,2024,3213
La Trobe University,2015,8712
La Trobe University,2016,8875
La Trobe University,2017,8534
La Trobe University,2018,9087
La Trobe University,2019,9022
La Trobe University,2020,9160
La Trobe University,2021,9480
La Trobe University,2022,8374
La Trobe University,2023,8079
La Trobe University,2024,9683
Monash University,2015,16967
Monash University,2016,18023
Monash University,2017,19662
Monash University,2018,21862
Monash University,2019,23758
Monash University,2020,24002
Monash University,2021,25665
Monash University,2022,24168
Monash University,2023,23148
Monash University,2024,23957
RMIT University,2015,16432
RMIT University,2016,16731
RMIT University,2017,17799
RMIT University,2018,18737
RMIT University,2019,19413
RMIT University,2020,18642
RMIT University,2021,19164
RMIT University,2022,18643
RMIT University,2023,17997
RMIT University,2024,18930
Swinburne University of Technology,2015,6917
Swinburne University of Technology,2016,6668
Swinburne University of Technology,2017,6996
Swinburne University of Technology,2018,7465
Swinburne University of Technology,2019,7556
Swinburne University of Technology,2020,8104
Swinburne University of Technology,2021,8183
Swinburne University of Technology,2022,7638
Swinburne University of Technology,2023,8523
Swinburne University of Technology,2024,9417
The University of Melbourne,2015,18155
The University of Melbourne,2016,19285
The University of Melbourne,2017,19986
The University of Melbourne,2018,21388
The University of Melbourne,2019,22390
The University of Melbourne,2020,21138
The University of Melbourne,2021,22145
The University of Melbourne,2022,21671
The University of Melbourne,2023,22240
The University of Melbourne,2024,23208
University of Divinity,2015,401
University of Divinity,2016,446
University of Divinity,2017,392
University of Divinity,2018,532
University of Divinity,2019,631
University of Divinity,2020,453
University of Divinity,2021,352
University of Divinity,2022,385
University of Divinity,2023,459
University of Divinity,2024,495
Victoria University,2015,6781
Victoria University,2016,7387
Victoria University,2017,7007
Victoria University,2018,6676
Victoria University,2019,7039
Victoria University,2020,7678
Victoria University,2021,8292
Victoria University,2022,5648
Victoria University,2023,10505
Victoria University,2024,11248
Non-University Higher Education Institutions,2015,6490
Non-University Higher Education Institutions,2016,6913
Non-University Higher Education Institutions,2017,8730
Non-University Higher Education Institutions,2018,11363
Non-University Higher Education Institutions,2019,12273
Non-University Higher Education Institutions,2020,12882
Non-University Higher Education Institutions,2021,13320
Non-University Higher Education Institutions,2022,9212
Non-University Higher Education Institutions,2023,7267
Non-University Higher Education Institutions,2024,9789
Bond University,2015,1612
Bond University,2016,1846
Bond University,2017,1835
Bond University,2018,1728
Bond University,2019,1898
Bond University,2020,1364
Bond University,2021,1834
Bond University,2022,1590
Bond University,2023,1742
Bond University,2024,1733
CQUniversity,2015,4015
CQUniversity,2016,3889
CQUniversity,2017,3835
CQUniversity,2018,4275
CQUniversity,2019,5523
CQUniversity,2020,6089
CQUniversity,2021,5278
CQUniversity,2022,4065
CQUniversity,2023,3950
CQUniversity,2024,5493
Griffith University,2015,10591
Griffith University,2016,10809
Griffith University,2017,10682
Griffith University,2018,10204
Griffith University,2019,10043
Griffith University,2020,10114
Griffith University,2021,11146
Griffith University,2022,10368
Griffith University,2023,9267
Griffith University,2024,10004
James Cook University,2015,4449
James Cook University,2016,4100
James Cook University,2017,4607
James Cook University,2018,4655
James Cook University,2019,4817
James Cook University,2020,4837
James Cook University,2021,5186
James Cook University,2022,4784
James Cook University,2023,4621
James Cook University,2024,5307
Queensland University of Technology,2015,11674
Queensland University of Technology,2016,11543
Queensland University of Technology,2017,11942
Queensland University of Technology,2018,11588
Queensland University of Technology,2019,11935
Queensland University of Technology,2020,10972
Queensland University of Technology,2021,12212
Queensland University of Technology,2022,11361
Queensland University of Technology,2023,10592
Queensland University of Technology,2024,11518
The University of Queensland,2015,12079
The University of Queensland,2016,12045
The University of Queensland,2017,12580
The University of Queensland,2018,12982
The University of Queensland,2019,13865
The University of Queensland,2020,13113
The University of Queensland,2021,14946
The University of Queensland,2022,13977
The University of Queensland,2023,13866
The University of Queensland,2024,14442
University of Southern Queensland,2015,4599
University of Southern Queensland,2016,4472
University of Southern Queensland,2017,4096
University of Southern Queensland,2018,4003
University of Southern Queensland,2019,3681
University of Southern Queensland,2020,4192
University of Southern Queensland,2021,4162
University of Southern Queensland,2022,3730
University of Southern Queensland,2023,3772
University of Southern Queensland,2024,4383
University of the Sunshine Coast,2015,1991
University of the Sunshine Coast,2016,2048
University of the Sunshine Coast,2017,2419
University of the Sunshine Coast,2018,3035
University of the Sunshine Coast,2019,3080
University of the Sunshine Coast,2020,2948
University of the Sunshine Coast,2021,3128
University of the Sunshine Coast,2022,2919
University of the Sunshine Coast,2023,3091
University of the Sunshine Coast,2024,3431
Non-University Higher Education Institutions,2015,2016
Non-University Higher Education Institutions,2016,1991
Non-University Higher Education Institutions,2017,1963
Non-University Higher Education Institutions,2018,1906
Non-University Higher Education Institutions,2019,1976
Non-University Higher Education Institutions,2020,1425
Non-University Higher Education Institutions,2021,2179
Non-University Higher Education Institutions,2022,1933
Non-University Higher Education Institutions,2023,1727
Non-University Higher Education Institutions,2024,1718
Curtin University,2015,10922
Curtin University,2016,11157
Curtin University,2017,10546
Curtin University,2018,9451
Curtin University,2019,9751
Curtin University,2020,9842
Curtin University,2021,10085
Curtin University,2022,10215
Curtin University,2023,10209
Curtin University,2024,11814
Edith Cowan University,2015,5494
Edith Cowan University,2016,5428
Edith Cowan University,2017,6068
Edith Cowan University,2018,5774
Edith Cowan University,2019,5747
Edith Cowan University,2020,6382
Edith Cowan University,2021,7480
Edith Cowan University,2022,6392
Edith Cowan University,2023,6015
Edith Cowan University,2024,7772
Murdoch University,2015,5560
Murdoch University,2016,5565
Murdoch University,2017,5305
Murdoch University,2018,4852
Murdoch University,2019,4651
Murdoch University,2020,5176
Murdoch University,2021,5302
Murdoch University,2022,4856
Murdoch University,2023,4673
Murdoch University,2024,5310
The University of Notre Dame Australia(1.09),2015,2525
The University of Notre Dame Australia(1.09),2016,2605
The University of Notre Dame Australia(1.09),2017,2656
The University of Notre Dame Australia(1.09),2018,3075
The University of Notre Dame Australia(1.09),2019,2272
The University of Notre Dame Australia(1.09),2020,2706
The University of Notre Dame Australia(1.09),2021,2272
The University of Notre Dame Australia(1.09),2022,2738
The University of Notre Dame Australia(1.09),2023,2388
The University of Notre Dame Australia(1.09),2024,2079
The University of Western Australia,2015,7389
The University of Western Australia,2016,7299
The University of Western Australia,2017,6896
The University of Western Australia,2018,6814
The University of Western Australia,2019,6827
The University of Western Australia,2020,6282
The University of Western Australia,2021,6496
The University of Western Australia,2022,6378
The University of Western Australia,2023,6378
The University of Western Australia,2024,6890
Non-University Higher Education Institutions,2015,1134
Non-University Higher Education Institutions,2016,1017
Non-University Higher Education Institutions,2017,1272
Non-University Higher Education Institutions,2018,1544
Non-University Higher Education Institutions,2019,1856
Non-University Higher Education Institutions,2020,1992
Non-University Higher Education Institutions,2021,1823
Non-University Higher Education Institutions,2022,1557
Non-University Higher Education Institutions,2023,1628
Non-University Higher Education Institutions,2024,2407
Flinders University,2015,5502
Flinders University,2016,6073
Flinders University,2017,5914
Flinders University,2018,5998
Flinders University,2019,6508
Flinders University,2020,4843
Flinders University,2021,7185
Flinders University,2022,5849
Flinders University,2023,5369
Flinders University,2024,6960
The University of Adelaide,2015,6726
The University of Adelaide,2016,6941
The University of Adelaide,2017,6937
The University of Adelaide,2018,7009
The University of Adelaide,2019,6724
The University of Adelaide,2020,6988
The University of Adelaide,2021,8009
The University of Adelaide,2022,7226
The University of Adelaide,2023,7401
The University of Adelaide,2024,8017
Torrens University Australia,2015,83
Torrens University Australia,2016,916
Torrens University Australia,2017,929
Torrens University Australia,2018,2826
Torrens University Australia,2019,2910
Torrens University Australia,2020,5136
Torrens University Australia,2021,5887
Torrens University Australia,2022,5765
Torrens University Australia,2023,4687
Torrens University Australia,2024,5688
University of South Australia,2015,7452
University of South Australia,2016,7339
University of South Australia,2017,7378
University of South Australia,2018,7180
University of South Australia,2019,6986
University of South Australia,2020,7348
University of South Australia,2021,7956
University of South Australia,2022,7487
University of South Australia,2023,7194
University of South Australia,2024,7669
Private Universities (Table C) and Non-University Higher Education Institutions,2015,3008
Private Universities (Table C) and Non-University Higher Education Institutions,2016,5487
Private Universities (Table C) and Non-University Higher Education Institutions,2017,5084
Private Universities (Table C) and Non-University Higher Education Institutions,2018,4521
Private Universities (Table C) and Non-University Higher Education Institutions,2019,3197
Private Universities (Table C) and Non-University Higher Education Institutions,2020,2644
Private Universities (Table C) and Non-University Higher Education Institutions,2021,2715
Private Universities (Table C) and Non-University Higher Education Institutions,2022,2691
Private Universities (Table C) and Non-University Higher Education Institutions,2023,2088
Private Universities (Table C) and Non-University Higher Education Institutions,2024,2094
University of Tasmania(1.05),2015,5994
University of Tasmania(1.05),2016,6925
University of Tasmania(1.05),2017,7945
University of Tasmania(1.05),2018,9751
University of Tasmania(1.05),2019,10126
University of Tasmania(1.05),2020,10094
University of Tasmania(1.05),2021,11194
University of Tasmania(1.05),2022,12505
University of Tasmania(1.05),2023,9041
University of Tasmania(1.05),2024,9919
Non-University Higher Education Institutions,2015,7
Non-University Higher Education Institutions,2016,0
Non-University Higher Education Institutions,2017,0
Non-University Higher Education Institutions,2018,0
Non-University Higher Education Institutions,2019,0
Non-University Higher Education Institutions,2020,0
Non-University Higher Education Institutions,2021,0
Non-University Higher Education Institutions,2022,0
Non-University Higher Education Institutions,2023,0
Non-University Higher Education Institutions,2024,0
Batchelor Institute of Indigenous Tertiary Education(1.04),2015,0
Batchelor Institute of Indigenous Tertiary Education(1.04),2016,0
Batchelor Institute of Indigenous Tertiary Education(1.04),2018,0
Batchelor Institute of Indigenous Tertiary Education(1.04),2022,0
Charles Darwin University(1.04),2015,1550
Charles Darwin University(1.04),2016,1563
Charles Darwin University(1.04),2017,1658
Charles Darwin University(1.04),2018,1708
Charles Darwin University(1.04),2019,1824
Charles Darwin University(1.04),2020,2216
Charles Darwin University(1.04),2021,2354
Charles Darwin University(1.04),2022,2298
Charles Darwin University(1.04),2023,2917
Charles Darwin University(1.04),2024,3015
The Australian National University,2015,6049
The Australian National University,2016,6021
The Australian National University,2017,6835
The Australian National University,2018,7534
The Australian National University,2019,7721
The Australian National University,2020,7236
The Australian National University,2021,6727
The Australian National University,2022,6837
The Australian National University,2023,6386
The Australian National University,2024,7037
University of Canberra,2015,3929
University of Canberra,2016,4022
University of Canberra,2017,3956
University of Canberra,2018,3610
University of Canberra,2019,3643
University of Canberra,2020,3864
University of Canberra,2021,3863
University of Canberra,2022,3765
University of Canberra,2023,3887
University of Canberra,2024,4562
Non-University Higher Education Institutions,2015,13
Non-University Higher Education Institutions,2016,13
Non-University Higher Education Institutions,2017,430
Non-University Higher Education Institutions,2018,462
Non-University Higher Education Institutions,2019,911
Non-University Higher Education Institutions,2020,1199
Non-University Higher Education Institutions,2021,1038
Non-University Higher Education Institutions,2022,797
Non-University Higher Education Institutions,2023,465
Non-University Higher Education Institutions,2024,924
Australian Catholic University,2015,6123
Australian Catholic University,2016,6008
Australian Catholic University,2017,5815
Australian Catholic University,2018,7358
Australian Catholic University,2019,8236
Australian Catholic University,2020,7206
Australian Catholic University,2021,7220
Australian Catholic University,2022,7433
Australian Catholic University,2023,7164
Australian Catholic University,2024,6995
Non-University Higher Education Institutions,2015,571
Non-University Higher Education Institutions,2016,702
Non-University Higher Education Institutions,2018,752
Non-University Higher Education Institutions,2022,751
