HEP_Code,Institution,Cohort,Year,is_go8,is_covid_year,growth_hdr_completions_pct,growth_rbg_total_pct,growth_rbg_rtp_pct,growth_rbg_rsp_pct
1019,James Cook University,IRU,2016,0,0,5.715841383994835,9.163800861219329,0.0,14.783582423193309
1019,James Cook University,IRU,2017,0,0,-4.255961441879563,7.534793116016303,1646.646455505617,12.057095774392579
1019,James Cook University,IRU,2018,0,0,-24.512245803298516,-0.6430715502961704,1.8218013522780296,-3.425936459275647
1019,James Cook University,IRU,2019,0,0,18.540322333136228,-2.9183340548648573,-1.049225201080617,-5.129329438754837
1019,James Cook University,IRU,2020,0,0,-14.014663174324138,-2.0228092624233085,-0.9404595020846784,-3.3453355134490437
1019,James Cook University,IRU,2021,0,1,-4.52565915881209,29.511099338263236,-2.2534082827586843,58.52031871898831
1019,James Cook University,IRU,2022,0,0,16.205585933437128,-61.842451627365236,-21.11912972638912,-103.1709654556293
1019,James Cook University,IRU,2023,0,0,-6.506359334706158,-4.885851518468698,-7.064119978704753,-1.642474058036747
1019,James Cook University,IRU,2024,0,0,-8.777561088238617,17.703617210846545,15.640768874228428,20.61951297113822
1034,Murdoch University,IRU,2016,0,0,11.075136429270316,-3.3601571991550117,0.0,-0.7832395799489689
1034,Murdoch University,IRU,2017,0,0,-8.40831172105414,-1.9144147254237964,1612.2018347115763,2.132281075169473
1034,Murdoch University,IRU,2018,0,0,0.8733679968754515,-2.595375502836106,-1.9181014483972803,-3.4259386659956093
1034,Murdoch University,IRU,2019,0,0,-11.020314013361432,-2.878536094742401,-1.093310191507868,-5.129335381654698
1034,Murdoch University,IRU,2020,0,0,5.661889399950759,-0.08241452892008283,2.3823017789403877,-3.345340262840857
1034,Murdoch University,IRU,2021,0,1,6.224230887722104,44.00891543892982,2.667079257422955,81.94214219944236
1034,Murdoch University,IRU,2022,0,0,25.704510298989103,-43.83200688272133,-4.171389443266094,-79.51939447039447
1034,Murdoch University,IRU,2023,0,0,-10.53605156578259,-7.472560562276698,-1.3043476378882701,-16.17442041190813
1034,Murdoch University,IRU,2024,0,0,7.833184326990672,15.830276247069364,17.551512364909172,13.156111166130025
1055,The University of Western Australia,Go8,2016,1,0,6.504242641404456,-2.122816645281489,0.0,-3.580815741113952
1055,The University of Western Australia,Go8,2017,1,0,-10.620049890755201,3.877136871555109,1768.3145488793464,7.299843225566249
1055,The University of Western Australia,Go8,2018,1,0,-5.468988629661986,-0.4832010168637879,1.3040678977485953,-2.331413146544392
1055,The University of Western Australia,Go8,2019,1,0,-3.9220713153281572,-3.6127891331034334,-2.193657358191814,-5.129328180584025
1055,The University of Western Australia,Go8,2020,1,0,-4.403227015050337,-2.5002876570617616,-1.72731608125396,-3.345338662442643
1055,The University of Western Australia,Go8,2021,1,1,0.0,39.96472417482941,-1.0297869143695237,71.4940520427259
1055,The University of Western Australia,Go8,2022,1,0,11.527901002319307,-44.024623206630054,-8.134567510436952,-70.21446639455391
1055,The University of Western Australia,Go8,2023,1,0,6.650649744138892,-0.33657955547958807,-1.0611710359114568,0.3776610092721455
1055,The University of Western Australia,Go8,2024,1,0,-11.343592966337201,4.747061497843674,4.3451255776972175,5.138857630409177
1058,University of Wollongong,non-aligned,2016,0,0,1.0969031370573923,3.5506123087564845,0.0,-0.13024457931294364
1058,University of Wollongong,non-aligned,2017,0,0,1.8018505502677584,1.7973310560407185,1693.7007396522945,2.132283328085549
1058,University of Wollongong,non-aligned,2018,0,0,3.853366400224356,-0.8534008218180844,0.26637414962848993,-2.679044582391654
1058,University of Wollongong,non-aligned,2019,0,0,-6.385147198653307,3.2589306045146316,0.436414442337707,7.760815468723692
1058,University of Wollongong,non-aligned,2020,0,0,-10.821358464023234,4.504030115570146,3.6650236446995166,5.780601735090585
1058,University of Wollongong,non-aligned,2021,0,1,16.516847756770492,35.42473807894169,2.0502485672469817,70.99707945750744
1058,University of Wollongong,non-aligned,2022,0,0,-12.909242109389574,-42.06070463596063,-6.203708032562005,-81.49075945945405
1058,University of Wollongong,non-aligned,2023,0,0,-4.839654086184986,-0.533822640178272,3.5309727498564314,-7.42011772533786
1058,University of Wollongong,non-aligned,2024,0,0,4.049136135473663,10.166675241356415,8.215142040638668,13.567022661784733
2154,Federation University Australia,RUN,2016,0,0,-29.725152346793138,3.9278881251208375,0.0,19.43958079866075
2154,Federation University Australia,RUN,2017,0,0,23.84110234449981,-3.3105099119790538,1461.7258299561477,2.13230859086444
2154,Federation University Australia,RUN,2018,0,0,28.76820724517808,-3.01625741758631,-2.7169433050055147,-3.425950911928055
2154,Federation University Australia,RUN,2019,0,0,-9.531017980432477,-3.37569700152347,-2.1181164581760115,-5.12934943158232
2154,Federation University Australia,RUN,2020,0,0,30.01045924503383,0.6202957772465822,3.3297755085076375,-3.3453582851121766
2154,Federation University Australia,RUN,2021,0,1,-11.778303565638337,28.582218655014202,3.4737750807757095,57.552391700256855
2154,Federation University Australia,RUN,2022,0,0,-15.76289442035832,-28.973243880327892,12.33448535271382,-88.8850907987159
2154,Federation University Australia,RUN,2023,0,0,7.061756721395307,13.480997089745017,14.527962738967659,10.895888321238978
2154,Federation University Australia,RUN,2024,0,0,14.76359988060647,3.0580560120966993,-0.08825710295816691,10.55775785242421
2177,Swinburne University of Technology,non-aligned,2016,0,0,-6.595796779179786,3.444298684744851,0.0,0.8550380454460438
2177,Swinburne University of Technology,non-aligned,2017,0,0,7.3025135014890274,0.2945243311273771,1626.9707711215915,2.1322889132354916
2177,Swinburne University of Technology,non-aligned,2018,0,0,26.452876747706355,-2.144820121921498,-1.4028837395155591,-3.425940584512688
2177,Swinburne University of Technology,non-aligned,2019,0,0,2.6668247082161756,-0.9994180205740832,-1.7707356482596026,0.3319054387961984
2177,Swinburne University of Technology,non-aligned,2020,0,0,-11.712535723741269,6.801049571068063,4.982099998048994,9.833281616004896
2177,Swinburne University of Technology,non-aligned,2021,0,1,24.537969276109184,45.715272953992425,6.986468890841735,87.74892958784281
2177,Swinburne University of Technology,non-aligned,2022,0,0,16.598513747426047,-28.23135632792244,11.408766578374596,-71.76581652430762
2177,Swinburne University of Technology,non-aligned,2023,0,0,-1.9802627296179764,9.822141464450596,9.92634360348461,9.648211468303458
2177,Swinburne University of Technology,non-aligned,2024,0,0,9.893994785490356,17.607869231099826,20.67906601450744,12.25397811494453
2200,Central Queensland University,RUN,2016,0,0,40.546510810816415,3.643358708114164,0.0,1.6693161837457282
2200,Central Queensland University,RUN,2017,0,0,-13.58015411590614,-2.490914969533975,1502.2886664481941,2.13226328193592
2200,Central Queensland University,RUN,2018,0,0,-13.613217432458002,-0.40098844750460216,1.7671750521879304,-3.425942709385943
2200,Central Queensland University,RUN,2019,0,0,0.0,4.508232579156335,5.606819404428798,2.913854864429055
2200,Central Queensland University,RUN,2020,0,0,-11.000089521432876,4.204516982312256,1.9189228506130362,7.474402811028291
2200,Central Queensland University,RUN,2021,0,1,-2.3530497410193973,41.248140111602005,0.25914398536563965,79.6331498563836
2200,Central Queensland University,RUN,2022,0,0,33.98678256223513,-32.64218212201637,0.23198985382837378,-60.730310405072885
2200,Central Queensland University,RUN,2023,0,0,-12.629372532429217,7.6749407098736455,4.031902786555719,11.732410144463223
2200,Central Queensland University,RUN,2024,0,0,32.542240043462776,6.352952272171919,10.395532081887815,1.8310133706531673
2201,University of Southern Queensland,RUN,2016,0,0,36.51138125845969,6.1188519388094775,0.0,10.210493970469159
2201,University of Southern Queensland,RUN,2017,0,0,-8.594242980072497,0.4832604910861349,1547.2776457538198,3.1035719451731225
2201,University of Southern Queensland,RUN,2018,0,0,7.410797215372167,3.117624028986299,0.9390180470386866,6.73516450933942
2201,University of Southern Queensland,RUN,2019,0,0,21.357410029805912,0.4699102672269362,0.29252090145650556,0.7553970427045087
2201,University of Southern Queensland,RUN,2020,0,0,9.180754925312318,7.352565348458917,4.767515563356461,11.36836141163311
2201,University of Southern Queensland,RUN,2021,0,1,16.907633004393396,51.11353100304932,7.951693385822267,93.4374173400343
2201,University of Southern Queensland,RUN,2022,0,0,1.4706147389695445,-23.31220942420451,25.831527407622445,-75.35960193960972
2201,University of Southern Queensland,RUN,2023,0,0,-0.7326040092072716,7.20850750801425,10.427297382398848,1.28338150046865
2201,University of Southern Queensland,RUN,2024,0,0,-3.745756253490118,20.712302699563523,16.550478405293134,28.27467971407458
2235,Edith Cowan University,non-aligned,2016,0,0,-32.0471895274772,4.801374522165247,0.0,5.3445863194552246
2235,Edith Cowan University,non-aligned,2017,0,0,14.458122881110747,1.3439574995523174,1580.3994309435789,2.1322857013382546
2235,Edith Cowan University,non-aligned,2018,0,0,9.180754925312318,-3.0103536019517207,-2.764656701529944,-3.4259362537254034
2235,Edith Cowan University,non-aligned,2019,0,0,-5.4067221270275745,-4.914162590138815,-4.787593754300268,-5.129323153404464
2235,Edith Cowan University,non-aligned,2020,0,0,5.4067221270275745,-1.4671283510590882,-0.38037050064030353,-3.3453415592216373
2235,Edith Cowan University,non-aligned,2021,0,1,-13.102826240640386,28.4388155060455,-1.0090603565435785,65.41822837439906
2235,Edith Cowan University,non-aligned,2022,0,0,25.464221837358014,-35.51753878890658,-4.096666681058636,-76.05469779953076
2235,Edith Cowan University,non-aligned,2023,0,0,8.183001824763192,4.087159385448302,2.6009850904722853,6.7852036285440676
2235,Edith Cowan University,non-aligned,2024,0,0,-0.7168489478612372,7.7015083332785395,6.491445745562174,9.817348505653634
2236,Curtin University,ATN,2016,0,0,5.009394531891509,5.1199943600959585,0.0,8.900311795862237
2236,Curtin University,ATN,2017,0,0,11.088269957874264,6.579028820691235,1704.7034378644018,12.713389473400838
2236,Curtin University,ATN,2018,0,0,-10.438917026819361,3.3547387748694035,2.1142384351481525,5.003107652203198
2236,Curtin University,ATN,2019,0,0,5.048390543199144,2.277668858603832,1.6909502190426196,3.0409499748056845
2236,Curtin University,ATN,2020,0,0,6.8377297444737195,2.871990449042272,3.2513682066912963,2.379624249475043
2236,Curtin University,ATN,2021,0,1,-4.4059989794030585,40.658119418440464,2.386865225929924,75.33572486295341
2236,Curtin University,ATN,2022,0,0,-9.440968447107512,-36.16577456900316,5.074000051216032,-74.85004352053046
2236,Curtin University,ATN,2023,0,0,-2.0000666706669,0.922112086642457,1.344857082251849,0.3282466453665478
2236,Curtin University,ATN,2024,0,0,1.0050335853501124,7.181297617755433,3.529677759232186,12.120182910513222
2241,University of Canberra,IRU,2016,0,0,-9.937247381320446,4.730426750690242,0.0,5.208285631614018
2241,University of Canberra,IRU,2017,0,0,-1.5037877364540542,0.038307361880640656,1545.358393387249,2.1322734131096865
2241,University of Canberra,IRU,2018,0,0,11.4410351177745,-1.5663625187006147,-0.09228303739909904,-3.4259274988311716
2241,University of Canberra,IRU,2019,0,0,-19.319122903085884,-3.4395570811605936,-2.1417489162445236,-5.129326812102519
2241,University of Canberra,IRU,2020,0,0,-37.32042458899429,-1.5357343175821825,-0.18795072265493928,-3.3453246352502575
2241,University of Canberra,IRU,2021,0,1,37.32042458899429,42.4555916858262,1.9074106380246647,79.93463874810462
2241,University of Canberra,IRU,2022,0,0,-14.058195062118939,-45.50289822694946,-15.905955473815858,-69.7487008284723
2241,University of Canberra,IRU,2023,0,0,46.05248852911914,-13.843612919561465,-8.731852223816539,-19.624540240010013
2241,University of Canberra,IRU,2024,0,0,-30.36824137982217,12.460044904789846,15.531973335669669,8.6633075188006
2246,Batchelor Institute of Indigenous Tertiary Education,non-aligned,2018,0,0,0.0,-13.603591006970817,-22.33015327172918,-3.4258318682672595
2246,Batchelor Institute of Indigenous Tertiary Education,non-aligned,2019,0,0,0.0,-10.227954436415132,-15.282706331631069,-5.129254014844342
2246,Batchelor Institute of Indigenous Tertiary Education,non-aligned,2020,0,0,69.31471805599453,-3.6870770820403465,-4.044773749963326,-3.3453270193172457
2246,Batchelor Institute of Indigenous Tertiary Education,non-aligned,2021,0,1,-69.31471805599453,55.25478921031137,13.359077912107509,83.4614625711108
2246,Batchelor Institute of Indigenous Tertiary Education,non-aligned,2022,0,0,-69.31471805599453,-23.595984537594994,40.790849857191525,-79.26297007872805
2246,Batchelor Institute of Indigenous Tertiary Education,non-aligned,2023,0,0,69.31471805599453,1.589530770981895,-18.365036430144954,26.57353219614258
2246,Batchelor Institute of Indigenous Tertiary Education,non-aligned,2024,0,0,69.31471805599453,26.60984747380226,4.112938933787191,44.98072693671631
3001,Charles Darwin University,non-aligned,2016,0,0,18.72115420881464,1.254588284235325,0.0,0.8005497796755634
3001,Charles Darwin University,non-aligned,2017,0,0,-15.822400521489444,10.66738987294471,1575.6938247219018,15.510953217193446
3001,Charles Darwin University,non-aligned,2018,0,0,-5.884050002293328,5.813968871909125,4.195067669047603,7.019336176887947
3001,Charles Darwin University,non-aligned,2019,0,0,37.46934494414109,6.082450106415749,3.1047474097869454,8.213335688061107
3001,Charles Darwin University,non-aligned,2020,0,0,-8.701137698963013,0.30087100405857825,1.9859327248935799,-0.8915912801345627
3001,Charles Darwin University,non-aligned,2021,0,1,12.783337150988494,46.26790229727895,1.5537535344092746,69.2871918988704
3001,Charles Darwin University,non-aligned,2022,0,0,-4.082199452025481,-46.77274534669138,3.483707533570346,-73.96932791368762
3001,Charles Darwin University,non-aligned,2023,0,0,4.082199452025481,5.498502361961499,6.008928596341789,5.092798703675783
3001,Charles Darwin University,non-aligned,2024,0,0,5.8268908123976,16.59092651907983,17.476020385714364,15.878526606637422
3003,Bond University ,non-aligned,2016,0,0,44.468582126144575,14.258723440753762,0.0,23.307155692137904
3003,Bond University ,non-aligned,2017,0,0,-26.236426446749086,-0.8589329938331502,1443.1107463824085,2.132289868296411
3003,Bond University ,non-aligned,2018,0,0,-10.536051565782634,-0.6317815452463904,2.2563325053795324,-3.4259368012930835
3003,Bond University ,non-aligned,2019,0,0,-11.778303565638337,-2.8242909682184347,-0.5607891363549555,-5.129312834390198
3003,Bond University ,non-aligned,2020,0,0,-18.23215567939549,-1.7035927266311646,-0.15279337274201055,-3.345325802045629
3003,Bond University ,non-aligned,2021,0,1,50.07752879124894,20.864636148759708,-1.7727576437925663,40.57824977035018
3003,Bond University ,non-aligned,2022,0,0,-3.0771658666753687,-59.38227821986448,-17.839396195910773,-104.43750901556666
3003,Bond University ,non-aligned,2023,0,0,-42.12134650763035,11.72213006331102,18.81946334222402,-1.4200072146429932
3003,Bond University ,non-aligned,2024,0,0,73.9667196194838,16.22832050004721,18.54979920217641,11.293995223086029
3004,Western Sydney University,IRU,2016,0,0,1.3245226750020933,4.307586365857219,0.0,6.084023797762939
3004,Western Sydney University,IRU,2017,0,0,39.22198813581437,0.478700264378773,1617.949192791351,2.1322833345312375
3004,Western Sydney University,IRU,2018,0,0,-4.546237407675768,0.5100188468240674,2.1635650852537935,-1.842455454372427
3004,Western Sydney University,IRU,2019,0,0,8.040042543803771,4.384459602417934,2.4474393960559837,7.130898011233988
3004,Western Sydney University,IRU,2020,0,0,-3.493805136128003,3.85516678301272,5.339282158393033,1.7624849047049196
3004,Western Sydney University,IRU,2021,0,1,24.338181355520128,41.11296169188918,5.963051471764302,76.5609253343273
3004,Western Sydney University,IRU,2022,0,0,-39.16240566962932,-29.771192355114806,12.668092981082069,-76.70951614340015
3004,Western Sydney University,IRU,2023,0,0,35.61593471240103,8.460677503436287,11.927799582450405,2.1553850740144043
3004,Western Sydney University,IRU,2024,0,0,-13.095606284679029,6.496397560843548,3.406758929429188,12.144471194955209
3005,Charles Sturt University,RUN,2016,0,0,3.7740327982847433,4.907403990359072,0.0,5.541723662672382
3005,Charles Sturt University,RUN,2017,0,0,-16.034265007517945,1.8391125007248377,1563.4914376678869,2.1322790304644457
3005,Charles Sturt University,RUN,2018,0,0,-15.234072458201897,0.8578755555838313,3.3578681482714146,-3.4259408445072026
3005,Charles Sturt University,RUN,2019,0,0,-10.676797542570604,-2.0449020053316502,-0.34605403611607244,-5.129326513382537
3005,Charles Sturt University,RUN,2020,0,0,6.80534632450156,-1.97520656571335,-1.246110356312613,-3.3453283334557327
3005,Charles Sturt University,RUN,2021,0,1,-27.029032973991196,24.6092091154555,-4.557125678986296,63.8418146213958
3005,Charles Sturt University,RUN,2022,0,0,8.269171584511348,-61.102881742321635,-28.972064288362986,-106.21919274864489
3005,Charles Sturt University,RUN,2023,0,0,0.0,7.160595217090027,3.3515290329232172,14.628828142203965
3005,Charles Sturt University,RUN,2024,0,0,1.5748356968138921,12.268604358465574,5.381809221867151,23.900007305726767
3006,Australian Catholic University,non-aligned,2016,0,0,30.318625898774563,20.023504042229234,0.0,38.78064993436148
3006,Australian Catholic University,non-aligned,2017,0,0,-34.574587340654176,2.1132513909394746,1507.9727394044376,2.1322725677967114
3006,Australian Catholic University,non-aligned,2018,0,0,55.33852381847861,1.5549428453576652,6.30361336274099,-3.42594453869971
3006,Australian Catholic University,non-aligned,2019,0,0,-28.76820724517808,-1.1880460729152276,2.2612337948585193,-5.1293186792568335
3006,Australian Catholic University,non-aligned,2020,0,0,-12.405264866997845,-0.42337952524142963,1.9763450557363171,-3.3453463356210023
3006,Australian Catholic University,non-aligned,2021,0,1,-25.6719846847814,22.873223824328548,0.885316513041623,44.93316210456726
3006,Australian Catholic University,non-aligned,2022,0,0,-7.598590697792229,-66.24282509606641,-24.040888623069634,-121.17135577082472
3006,Australian Catholic University,non-aligned,2023,0,0,7.598590697792229,-5.186205286463519,-8.164234736420717,0.8655390322225287
3006,Australian Catholic University,non-aligned,2024,0,0,2.409755157906046,0.04663115256544614,-6.313817682783096,11.353920991735578
3007,Victoria University,non-aligned,2016,0,0,4.049136135473663,1.0365643594202112,0.0,4.6670192061474935
3007,Victoria University,non-aligned,2017,0,0,-4.049136135473663,2.482997305446233,1580.4822502418692,2.1322918575082284
3007,Victoria University,non-aligned,2018,0,0,-16.106155736710548,0.17157302247277073,2.2731925944093234,-3.4259337261698164
3007,Victoria University,non-aligned,2019,0,0,3.809984623226992,-1.86366762378114,-0.05594867420324334,-5.129340594737286
3007,Victoria University,non-aligned,2020,0,0,12.296171113483556,-0.965770451743353,0.2952661669530343,-3.3453361134895943
3007,Victoria University,non-aligned,2021,0,1,-6.840272688440052,25.376179145956712,-1.4933456390030742,62.725138601924435
3007,Victoria University,non-aligned,2022,0,0,-11.226730187108114,-43.05184302937235,-12.706130925158376,-87.440485733417
3007,Victoria University,non-aligned,2023,0,0,-17.2469260350943,8.224825151447135,1.9964163898961829,20.349780740671797
3007,Victoria University,non-aligned,2024,0,0,1.1696039763190669,10.681982314308414,-2.0609805158640526,29.957654324215177
3010,The University of Adelaide,Go8,2016,1,0,0.992563979996941,1.961706659931295,0.0,3.049399892857352
3010,The University of Adelaide,Go8,2017,1,0,2.4391453124159135,2.1177897259018863,1765.6450473205314,2.132281436601957
3010,The University of Adelaide,Go8,2018,1,0,-3.681397312271617,-1.2870731424655446,0.6313801091323512,-3.4259373544031746
3010,The University of Adelaide,Go8,2019,1,0,0.4987541511039417,-3.110158017928555,-1.3684935884683114,-5.129329055427334
3010,The University of Adelaide,Go8,2020,1,0,4.380262265839274,1.0976334940281163,0.9755895825946936,1.2416179133694527
3010,The University of Adelaide,Go8,2021,1,1,-11.066556788751925,39.99721838775727,0.36310709267901586,72.60594995979304
3010,The University of Adelaide,Go8,2022,1,0,15.491026968527688,-39.231443155886225,-1.462620377251156,-69.68621318533543
3010,The University of Adelaide,Go8,2023,1,0,-12.86620436103405,12.310936280791651,8.355057377149322,16.607142011599407
3010,The University of Adelaide,Go8,2024,1,0,-11.229295243347082,4.451207719275985,5.8964699162210366,2.9224729772291624
3013,University of New South Wales,Go8,2016,1,0,-8.077504018521164,1.0865986989681886,0.0,1.3766415486195172
3013,University of New South Wales,Go8,2017,1,0,15.686807280375792,2.989924118762133,1832.2142315957574,6.641348354143162
3013,University of New South Wales,Go8,2018,1,0,3.0730541091040564,0.21480825673165782,-1.0586731718063902,1.6659554192354875
3013,University of New South Wales,Go8,2019,1,0,9.051400754083172,1.2159264843500495,-1.1197454194288525,3.7779195364883833
3013,University of New South Wales,Go8,2020,1,0,-22.85668848842004,3.654937280362347,2.6957048114795157,4.6715747004363095
3013,University of New South Wales,Go8,2021,1,1,15.7597473416339,47.593975132890876,3.2495943340709488,79.50340365137016
3013,University of New South Wales,Go8,2022,1,0,1.5365219064055857,-39.14422854415669,2.4230119108185733,-68.21988322876287
3013,University of New South Wales,Go8,2023,1,0,1.7632698650956513,1.2565542124630014,1.4198916288933106,1.0942324197515063
3013,University of New South Wales,Go8,2024,1,0,-4.076997756271528,4.208690217367206,7.18021308126815,1.1604563483999186
3014,University of Newcastle,ATN,2016,0,0,-1.6461277054072632,0.5629085730575412,0.0,-2.102717620967809
3014,University of Newcastle,ATN,2017,0,0,2.8631812674327684,7.264683001025318,1696.7684157240449,12.80911408595351
3014,University of Newcastle,ATN,2018,0,0,7.006756261671665,3.9735465492508837,2.927608363219747,5.122754828957454
3014,University of Newcastle,ATN,2019,0,0,-5.4067221270275745,1.7285966952020004,1.2678345846875771,2.226930651289649
3014,University of Newcastle,ATN,2020,0,0,16.430305129127643,2.7138322047065344,3.2497767355415874,2.13373021534089
3014,University of Newcastle,ATN,2021,0,1,15.27066362550249,42.855020216040174,2.532059926398489,73.69112432860412
3014,University of Newcastle,ATN,2022,0,0,-15.60793207336646,-37.02386878422992,6.3661870132541765,-71.30886938257035
3014,University of Newcastle,ATN,2023,0,0,-22.22993131889286,6.982998447394095,10.742721948314582,2.42995733970659
3014,University of Newcastle,ATN,2024,0,0,-2.5642430613338263,0.6021292519683641,1.5637947761295123,-0.6252676401459212
3016,University of Technology Sydney,ATN,2016,0,0,-5.661889399950759,3.6508495259027995,0.0,4.490723871451507
3016,University of Technology Sydney,ATN,2017,0,0,16.92920565036209,4.697638295409234,1663.0262115395549,8.678531313648108
3016,University of Technology Sydney,ATN,2018,0,0,15.882358552665021,4.249772367125715,2.3223549064788074,6.945990675400537
3016,University of Technology Sydney,ATN,2019,0,0,10.290996305742794,3.5582463751602234,1.7641172013519224,5.959754090897462
3016,University of Technology Sydney,ATN,2020,0,0,4.321660149978257,7.42484188148147,6.768744264477888,8.278362479620682
3016,University of Technology Sydney,ATN,2021,0,1,15.112495891072175,49.59308953354551,8.21672767072954,85.88281005196912
3016,University of Technology Sydney,ATN,2022,0,0,-9.531017980432566,-24.149237746569696,25.162057381180247,-71.71375137669855
3016,University of Technology Sydney,ATN,2023,0,0,3.9220713153281572,4.307939679880235,9.42565251489249,-4.264674339239605
3016,University of Technology Sydney,ATN,2024,0,0,3.509131981127034,5.760334044536108,5.070305360880667,6.986517326330599
3019,The University of Queensland,Go8,2016,1,0,9.433741708170196,3.1928265474725492,0.0,2.9546712328265556
3019,The University of Queensland,Go8,2017,1,0,-7.710703719449352,4.402335256237322,1836.5514527897376,5.915875109038993
3019,The University of Queensland,Go8,2018,1,0,-16.074266150941163,1.299989848991956,1.8878799776882005,0.6779017191210102
3019,The University of Queensland,Go8,2019,1,0,25.832001011493144,-2.5756844228016718,-0.6744539241399394,-4.640248995847074
3019,The University of Queensland,Go8,2020,1,0,-3.641178940871459,0.6596856512551597,0.15451984268999297,1.2162748356011832
3019,The University of Queensland,Go8,2021,1,1,-18.554057653534173,45.020420562961405,1.4113062862730175,77.76054197108913
3019,The University of Queensland,Go8,2022,1,0,13.222846084410644,-40.64256158481072,2.954418700529615,-73.36938629507408
3019,The University of Queensland,Go8,2023,1,0,3.836787742295922,-5.94923928468738,-5.483115316085474,-6.462470298017919
3019,The University of Queensland,Go8,2024,1,0,-3.967250904962416,0.6106779543696206,1.8545416913770651,-0.7838895790001743
3020,La Trobe University,IRU,2016,0,0,-1.4742281737203378,3.570418133656972,0.0,2.185328191573177
3020,La Trobe University,IRU,2017,0,0,8.989500411654738,7.481372326947877,1671.6283920012006,16.360127471019936
3020,La Trobe University,IRU,2018,0,0,5.715841383994924,5.207865424675973,1.058942347094316,10.51676519792153
3020,La Trobe University,IRU,2019,0,0,-1.7241806434506124,2.3371622969680317,-0.22494205255796373,5.377887440626239
3020,La Trobe University,IRU,2020,0,0,-19.6332293863553,3.1976496720325542,3.1737817299379856,3.2251870232965274
3020,La Trobe University,IRU,2021,0,1,15.641568645810988,41.79254933265497,2.8259972798512223,73.43661024080141
3020,La Trobe University,IRU,2022,0,0,24.019196781599295,-44.384257661115,-5.3844907963942035,-76.06664361728903
3020,La Trobe University,IRU,2023,0,0,-14.941694317705867,-3.270014916400399,-2.6848118544734234,-3.949780975898065
3020,La Trobe University,IRU,2024,0,0,-5.085841723349116,12.005948465206373,16.685856004541577,6.242338921784452
3025,Macquarie University,non-aligned,2016,0,0,-9.733583883594132,9.72298712629609,0.0,13.800870798766951
3025,Macquarie University,non-aligned,2017,0,0,6.824910053410704,4.991619699314853,1708.0627701453143,2.13228484665251
3025,Macquarie University,non-aligned,2018,0,0,-3.5339366445309217,5.447625934021616,6.288515690016894,4.0002506863327625
3025,Macquarie University,non-aligned,2019,0,0,0.8952611272113664,0.8204274213685636,2.063972766586275,-1.3822582954457374
3025,Macquarie University,non-aligned,2020,0,0,-20.94234865717457,2.614793850307251,3.9841001029714107,0.09879963340466702
3025,Macquarie University,non-aligned,2021,0,1,14.879886475531112,37.050714716971456,3.413785508794831,79.91340931563755
3025,Macquarie University,non-aligned,2022,0,0,-9.322901360050029,-32.90934227858955,-1.0934372940951675,-72.44711556167012
3025,Macquarie University,non-aligned,2023,0,0,6.829963055797528,2.4571813187129976,3.2922086022995956,0.953758659849413
3025,Macquarie University,non-aligned,2024,0,0,-7.038079676179976,5.990844697961606,4.051514094468089,9.429745973897141
3027,University of South Australia,ATN,2016,0,0,2.912827292302378,5.387148014514764,0.0,11.267519655693903
3027,University of South Australia,ATN,2017,0,0,0.47732787526575393,2.7751200865939296,1680.3559993958015,7.646910325259526
3027,University of South Australia,ATN,2018,0,0,-27.820332849723695,-1.7647485639361804,-0.45781217399394336,-3.4259347366017323
3027,University of South Australia,ATN,2019,0,0,-14.892327639210645,1.5875887124941812,-0.6217368268089274,4.367503727148048
3027,University of South Australia,ATN,2020,0,0,12.34441910911217,2.4782080187627287,-0.05799837997386703,5.505412909162999
3027,University of South Australia,ATN,2021,0,1,9.82384395834135,38.77600593159407,-3.1955548380818044,72.27348019303577
3027,University of South Australia,ATN,2022,0,0,-9.180754925312318,-52.34268672536437,-18.09981503532292,-77.55872497536593
3027,University of South Australia,ATN,2023,0,0,10.34355872482422,3.98014354889753,6.6941828927600255,1.2211510935216552
3027,University of South Australia,ATN,2024,0,0,-5.342516667358055,2.0780598484684276,2.043930224192181,2.113704908447289
3029,Flinders University,IRU,2016,0,0,23.674920336998806,-0.2385724133418421,0.0,0.47691177737334556
3029,Flinders University,IRU,2017,0,0,-36.054342071665246,1.2144930851757607,1656.300202481933,3.971451212021293
3029,Flinders University,IRU,2018,0,0,34.96737484797494,-0.5707443383272448,0.034858028537954056,-1.337805618424781
3029,Flinders University,IRU,2019,0,0,-1.0989121575595284,-3.839549907396389,-2.839732132331463,-5.1293281486664455
3029,Flinders University,IRU,2020,0,0,-6.269859421556401,-1.6874454932064964,-0.4352497296718383,-3.3453383462692443
3029,Flinders University,IRU,2021,0,1,0.5865119452398204,37.68356340984376,1.5113820519214727,71.88313069118699
3029,Flinders University,IRU,2022,0,0,-25.88616339162897,-35.20580090811798,-0.7789116487735726,-67.10768359883517
3029,Flinders University,IRU,2023,0,0,8.004270767353638,13.285224105150562,10.197744444444012,17.132758350923183
3029,Flinders University,IRU,2024,0,0,14.91431580966367,23.306038325197775,15.691470191927692,31.76367726962077
3030,Deakin University,ATN,2016,0,0,8.004270767353638,8.106316758837906,0.0,8.186072709509773
3030,Deakin University,ATN,2017,0,0,-20.23000237248409,4.0709880721056635,1676.094693430159,2.1322817950380824
3030,Deakin University,ATN,2018,0,0,-6.483751949530792,3.2080231066931475,3.000624734425017,3.5563972751752715
3030,Deakin University,ATN,2019,0,0,23.73955740214111,4.617971224443096,0.7765954755839743,10.739301960602887
3030,Deakin University,ATN,2020,0,0,-7.034148935824458,4.168308550607236,1.1973443756069457,8.511051866076258
3030,Deakin University,ATN,2021,0,1,21.74594109592194,42.64688109336099,2.298793326064441,81.0301955620723
3030,Deakin University,ATN,2022,0,0,3.5203635192980087,-34.33885481196839,1.8695000351694802,-67.16449393818635
3030,Deakin University,ATN,2023,0,0,4.006699259688595,14.272281525886754,14.109303661649264,14.4803522350049
3030,Deakin University,ATN,2024,0,0,11.138463026120693,20.805882357797145,22.44753917406186,18.674066677539614
3032,Griffith University,IRU,2016,0,0,37.21286878405721,0.863780774314904,0.0,0.8164118767162165
3032,Griffith University,IRU,2017,0,0,0.5633817718256218,1.9506841258380092,1692.0250498227758,4.7958390546433805
3032,Griffith University,IRU,2018,0,0,-7.583807639150475,4.119791908351544,3.8100141648161667,4.536626454259718
3032,Griffith University,IRU,2019,0,0,7.864312731911305,1.5840944004594348,3.1267806771747786,-0.5222700773863664
3032,Griffith University,IRU,2020,0,0,-7.561740640257586,0.8005730681006185,3.1212190828874498,-2.5185919459158157
3032,Griffith University,IRU,2021,0,1,-0.9104766992918734,38.61181746369944,2.5091274563575183,75.48067948429633
3032,Griffith University,IRU,2022,0,0,-1.5361285161487714,-38.506722313200825,-0.537697211052901,-78.18628445417879
3032,Griffith University,IRU,2023,0,0,6.5892093808703756,1.684535364287143,3.3310509829199475,-0.9081682858973039
3032,Griffith University,IRU,2024,0,0,-16.337180801429252,9.224113160660607,8.345663364279332,10.621039561997847
3033,The Australian National University,Go8,2016,1,0,1.7478597273959728,2.9115747448727802,0.0,3.5412933100008814
3033,The Australian National University,Go8,2017,1,0,15.979244373392643,9.373046110373195,1783.88591903454,15.709281031934452
3033,The Australian National University,Go8,2018,1,0,-18.73977098258157,3.982251947785187,2.214151860774649,5.610724078679752
3033,The Australian National University,Go8,2019,1,0,2.760526609188929,2.4202949839551735,1.0953320328717098,3.605112635635166
3033,The Australian National University,Go8,2020,1,0,-16.953240067763353,2.370934258531676,2.251196675903344,2.4765523616640195
3033,The Australian National University,Go8,2021,1,1,11.876007530420996,44.81115753418976,0.6952082192860587,72.14098892957814
3033,The Australian National University,Go8,2022,1,0,-6.176459425484637,-53.87271244510359,-10.3449126948302,-80.68718443793976
3033,The Australian National University,Go8,2023,1,0,11.005860361380204,-3.06831648299557,-2.208604468041031,-3.823558545010286
3033,The Australian National University,Go8,2024,1,0,7.410797215372256,11.238438470272172,10.415249230337409,11.961843084154111
3034,Royal Melbourne Institute of Technology,ATN,2016,0,0,0.7168489478612372,6.571012636674212,0.0,8.189651985646762
3034,Royal Melbourne Institute of Technology,ATN,2017,0,0,20.002113389335552,3.8156634307966897,1687.3543271895471,8.593575955886124
3034,Royal Melbourne Institute of Technology,ATN,2018,0,0,-14.445128273854468,-1.369586211766105,-0.0972677587039783,-3.4259397287605964
3034,Royal Melbourne Institute of Technology,ATN,2019,0,0,18.737632745557864,-2.264931858678665,-0.5612489777195862,-5.12933025223532
3034,Royal Melbourne Institute of Technology,ATN,2020,0,0,-0.5617992304222774,-0.04021287993971612,1.7807688769835295,-3.2523638783519715
3034,Royal Melbourne Institute of Technology,ATN,2021,0,1,6.012739797259492,36.035962052811854,2.2274190340340283,77.83674026031093
3034,Royal Melbourne Institute of Technology,ATN,2022,0,0,1.8397365139716015,-22.75594934766083,12.002490232396568,-66.29833115927966
3034,Royal Melbourne Institute of Technology,ATN,2023,0,0,12.470347850095731,10.679061524601252,9.403901068317566,13.00638450444005
3034,Royal Melbourne Institute of Technology,ATN,2024,0,0,-2.7973852042406655,14.253908703948426,10.873169702702512,20.042031799447102
3035,Monash University,Go8,2016,1,0,-6.106025676124638,5.475864816785148,0.0,7.402332601201067
3035,Monash University,Go8,2017,1,0,7.833184326990761,6.499098618356669,1824.8842144457758,8.684000667043534
3035,Monash University,Go8,2018,1,0,0.6825965070399675,2.838351440721709,3.4563327290850765,2.1947234856707354
3035,Monash University,Go8,2019,1,0,-2.9921679865049455,-0.21194042774901334,1.090441025066724,-1.5954088127440258
3035,Monash University,Go8,2020,1,0,-1.530341813988656,3.854671132221199,3.998462406874026,3.699630649598973
3035,Monash University,Go8,2021,1,1,3.1526253646774194,48.53618110721065,3.969462371774668,81.34530993337421
3035,Monash University,Go8,2022,1,0,9.635456632223072,-36.29851294925892,7.065135339283302,-67.82456223009561
3035,Monash University,Go8,2023,1,0,6.564698798076574,4.6937857755906975,4.7895958460483,4.592766827179062
3035,Monash University,Go8,2024,1,0,-13.478899077811235,13.27454826869463,13.35216857395487,13.192562019032295
3036,The University of Melbourne,Go8,2016,1,0,16.36294237818019,-0.921294991273669,0.0,1.3420988093361785
3036,The University of Melbourne,Go8,2017,1,0,-8.81218712736569,3.2982023544313677,1837.738122456704,5.923904548149395
3036,The University of Melbourne,Go8,2018,1,0,21.31544318299845,3.1134927535742207,2.4399514203210515,3.7843985310864525
3036,The University of Melbourne,Go8,2019,1,0,-5.537398395214765,3.5682087267844054,1.770824531834947,5.315326955537003
3036,The University of Melbourne,Go8,2020,1,0,-6.965857660417996,2.937643826124159,3.6532349294436273,2.249471028511252
3036,The University of Melbourne,Go8,2021,1,1,-21.320420941165175,42.18840172942677,2.826885337225349,69.58142143613095
3036,The University of Melbourne,Go8,2022,1,0,0.8207980417829219,-36.48309278047819,4.805049377423387,-65.77803074252166
3036,The University of Melbourne,Go8,2023,1,0,15.842336063303808,5.000633684460709,2.349254637013587,7.599473449350214
3036,The University of Melbourne,Go8,2024,1,0,1.7291497110060838,3.8295690253427495,2.3617295257640336,5.211218597314371
3038,Southern Cross University,RUN,2016,0,0,11.211729812070548,-3.808046999009207,0.0,-2.9730226039234253
3038,Southern Cross University,RUN,2017,0,0,-16.430305129127554,-2.4916890701497607,1530.0957933006998,2.1322889350335217
3038,Southern Cross University,RUN,2018,0,0,-19.671029424605457,-2.249662136238051,-1.387159077417266,-3.4259321004149967
3038,Southern Cross University,RUN,2019,0,0,-27.329333499968158,-3.6994362780045975,-2.6742504311046744,-5.129339426675905
3038,Southern Cross University,RUN,2020,0,0,10.821358464023279,-1.8895727962279452,-0.8712624969332339,-3.345325191368609
3038,Southern Cross University,RUN,2021,0,1,36.17900446055033,34.958443467632705,-2.0374050702011814,71.94793856932407
3038,Southern Cross University,RUN,2022,0,0,-21.868920096483002,-49.40116300249979,-21.383672633039552,-74.67568828908267
3038,Southern Cross University,RUN,2023,0,0,16.362942378180236,14.853372306924761,21.625856424295797,6.247345370426238
3038,Southern Cross University,RUN,2024,0,0,-5.8268908123976,23.967546898634495,19.081776823338714,30.306663103284315
3039,University of New England,RUN,2016,0,0,22.931006622987393,3.3720349950495887,0.0,10.805668560256976
3039,University of New England,RUN,2017,0,0,-12.188981760903683,3.492122456318114,1600.3086065730254,7.810031822865149
3039,University of New England,RUN,2018,0,0,-22.778393087071258,0.035204865231719396,1.7647441585189938,-2.0813654115958258
3039,University of New England,RUN,2019,0,0,7.825219689974894,0.6924115514937768,0.23868477586717063,1.2555856979137303
3039,University of New England,RUN,2020,0,0,9.23733201310144,1.229504059039499,0.22440278265030145,2.456947098789186
3039,University of New England,RUN,2021,0,1,11.99593150789795,39.46573416651802,-0.3398757728518831,72.86736968889312
3039,University of New England,RUN,2022,0,0,-22.31435513142097,-35.076732989606896,1.938525726148299,-65.20917965411037
3039,University of New England,RUN,2023,0,0,-2.197890671877545,2.8239642951191968,6.9655096083863555,-2.1017256114202354
3039,University of New England,RUN,2024,0,0,-8.096906253366676,3.6555657877496373,3.3868984407732228,3.9889264084802534
3040,The University of Sydney,Go8,2016,1,0,6.752120087549507,0.18771175585747812,0.0,0.5656845897188845
3040,The University of Sydney,Go8,2017,1,0,2.040887163120697,2.036056872690395,1839.500764208945,4.289608784261745
3040,The University of Sydney,Go8,2018,1,0,-79.34078655241264,0.5021359700723593,0.043749562817296805,1.0122374518747534
3040,The University of Sydney,Go8,2019,1,0,75.33338141950594,-3.0664236001879175,-1.644044038420489,-4.665604789247624
3040,The University of Sydney,Go8,2020,1,0,-15.785691639196386,-0.8242942140135767,-2.5350323984653755,1.0932607647866632
3040,The University of Sydney,Go8,2021,1,1,11.975707015969395,43.054055584519446,-1.7083122744260493,76.50174576765707
3040,The University of Sydney,Go8,2022,1,0,-0.8531435049468961,-43.10101997008147,-1.932382499269636,-72.7367512279212
3040,The University of Sydney,Go8,2023,1,0,14.342718777345453,7.535763475996404,6.192050192446175,8.890861014646134
3040,The University of Sydney,Go8,2024,1,0,-10.382993314909506,4.657825202747645,6.1775720121776345,3.1224701173698577
3042,Queensland University of Technology,non-aligned,2016,0,0,1.6374634871789695,5.231920929577072,0.0,7.8281478045109765
3042,Queensland University of Technology,non-aligned,2017,0,0,-1.4018921179330235,5.012852082561636,1724.457408035094,10.939129610169118
3042,Queensland University of Technology,non-aligned,2018,0,0,2.7844026171172764,1.5827199581018192,0.46272510703708747,3.13945650431684
3042,Queensland University of Technology,non-aligned,2019,0,0,-2.549384882621908,-1.9133896419113228,-1.3240817711022146,-2.7273017077238393
3042,Queensland University of Technology,non-aligned,2020,0,0,0.9345862418236983,-0.18630717539380726,1.0416772209278946,-1.91972642453635
3042,Queensland University of Technology,non-aligned,2021,0,1,2.978456135752783,32.81827463071565,-0.23475750850963095,66.69620869360351
3042,Queensland University of Technology,non-aligned,2022,0,0,-6.770379621982148,-40.93181482247488,-5.886293837053103,-77.73532306656676
3042,Queensland University of Technology,non-aligned,2023,0,0,-8.569472110488263,8.706488252725464,8.643886454462901,8.800622880291087
3042,Queensland University of Technology,non-aligned,2024,0,0,6.371581438610718,7.427237153288502,6.794331032507728,8.370727732232552
3043,University of the Sunshine Coast,RUN,2016,0,0,15.906469462968742,13.674215327878336,0.0,18.34578423181643
3043,University of the Sunshine Coast,RUN,2017,0,0,5.715841383994835,7.938747634365129,1470.2945332543497,9.144943164350217
3043,University of the Sunshine Coast,RUN,2018,0,0,65.05875661411497,15.160602239280152,13.387449448478606,16.714225076002442
3043,University of the Sunshine Coast,RUN,2019,0,0,23.180161405732402,16.473254200676912,11.424196483715576,20.628647372188524
3043,University of the Sunshine Coast,RUN,2020,0,0,-49.56162051024617,17.47675847165837,18.329531151811906,16.801372845146645
3043,University of the Sunshine Coast,RUN,2021,0,1,24.9215791623985,66.30362195243276,20.666025930287546,91.95597968507894
3043,University of the Sunshine Coast,RUN,2022,0,0,-9.237332013101529,-36.208842619169346,30.089045620147736,-82.09124853648504
3043,University of the Sunshine Coast,RUN,2023,0,0,13.554549199622379,-13.048775356626052,-11.341552201266758,-15.13881344335779
3043,University of the Sunshine Coast,RUN,2024,0,0,-13.554549199622379,17.62433664503895,15.712577208593181,19.959515053709964
3044,The University of Notre Dame Australia,non-aligned,2016,0,0,-12.260232209233246,22.109522129442283,0.0,33.00701875873653
3044,The University of Notre Dame Australia,non-aligned,2017,0,0,47.542369671507466,3.2235503165923163,1361.6287369913155,2.132248069678866
3044,The University of Notre Dame Australia,non-aligned,2018,0,0,48.342664957787605,-0.9724653914156889,1.2111376283858277,-3.426001671440204
3044,The University of Notre Dame Australia,non-aligned,2019,0,0,-35.6674943938732,-0.20452518953604226,3.889250650742504,-5.129278353397382
3044,The University of Notre Dame Australia,non-aligned,2020,0,0,30.538164955118184,10.277239649222913,19.916809031085947,-3.3453812126415627
3044,The University of Notre Dame Australia,non-aligned,2021,0,1,1.739174271186883,31.25135479011938,14.309545843791227,53.36546561903894
3044,The University of Notre Dame Australia,non-aligned,2022,0,0,-32.27733922630507,-7.107112367289048,33.80241465457061,-85.45506695642703
3044,The University of Notre Dame Australia,non-aligned,2023,0,0,-24.116205681688818,22.71794497629962,26.648600509271958,7.4053140582105215
3044,The University of Notre Dame Australia,non-aligned,2024,0,0,41.55154439616658,3.719125483672059,-4.90259359521712,34.07186619794604
3045,University of Tasmania,non-aligned,2016,0,0,19.51305150865359,0.8209715475071988,0.0,3.0120226640324432
3045,University of Tasmania,non-aligned,2017,0,0,4.445176257083361,7.339030438615168,1700.423603486225,15.465614984528031
3045,University of Tasmania,non-aligned,2018,0,0,-2.197890671877545,3.3905148423833964,1.5759332254660308,5.3346367049627474
3045,University of Tasmania,non-aligned,2019,0,0,20.79171039829184,-1.4898880451472252,0.08751667506565752,-3.175720705005247
3045,University of Tasmania,non-aligned,2020,0,0,-15.174683251586352,-0.8522032602382268,1.3891418429867741,-3.3453357500281555
3045,University of Tasmania,non-aligned,2021,0,1,-6.062462181643546,37.436518586958556,1.5390569220084416,66.96642787640599
3045,University of Tasmania,non-aligned,2022,0,0,6.481750007647147,-39.97239160152546,1.8045394272409254,-76.64914163768621
3045,University of Tasmania,non-aligned,2023,0,0,1.6597891409037224,7.745100819147055,3.1408893130080884,13.419346004485533
3045,University of Tasmania,non-aligned,2024,0,0,-0.8264509849893464,3.985640723710304,3.5371815398413275,4.508118446084808
4331,University of Divinity,non-aligned,2016,0,0,104.98221244986776,-4.572914324679367,0.0,5.434655645905906
4331,University of Divinity,non-aligned,2017,0,0,-51.08256237659905,-0.642553196763096,1374.735269490359,20.757071634526447
4331,University of Divinity,non-aligned,2018,0,0,-8.701137698962969,3.9415448566202826,-2.6748598248920175,13.748257664365582
4331,University of Divinity,non-aligned,2019,0,0,59.78370007556202,-0.9984817511535127,-2.3669888937604355,0.8406501929680843
4331,University of Divinity,non-aligned,2020,0,0,-104.98221244986776,-5.171291201179429,-6.574440361013245,-3.3453252007493717
4331,University of Divinity,non-aligned,2021,0,1,45.19851237430574,30.41791992153673,-1.4154575407847148,60.3628312159902
4331,University of Divinity,non-aligned,2022,0,0,16.705408466316605,-59.699452070428016,-25.368209503504247,-92.93676988679832
4331,University of Divinity,non-aligned,2023,0,0,-61.90392084062235,-12.62731406540567,-21.34057181159097,-1.901633051952345
4331,University of Divinity,non-aligned,2024,0,0,69.31471805599452,18.385738739437585,26.957696694174693,7.8514591883234175
4449,Torrens University Australia,non-aligned,2018,0,0,0.0,78.71733344063472,16.348573920415177,172.6802153023071
4449,Torrens University Australia,non-aligned,2019,0,0,-69.31471805599453,72.06680774199742,41.1013012832667,89.24215573353322
4449,Torrens University Australia,non-aligned,2020,0,0,0.0,25.31779939299099,38.909140689478505,18.778627147023386
4449,Torrens University Australia,non-aligned,2021,0,1,69.31471805599453,62.845645639687575,24.943039506413633,78.3540262697338
4449,Torrens University Australia,non-aligned,2022,0,0,109.86122886681098,-31.109302669443117,39.286092864029776,-69.45332582184972
4449,Torrens University Australia,non-aligned,2023,0,0,-109.86122886681098,7.984709342078133,7.480921402941654,8.4483184478918
4449,Torrens University Australia,non-aligned,2024,0,0,150.4077396776274,40.27680319734355,61.773624683368666,15.477982506274834
