HEP_Code,Institution,Cohort,Year,hdr_completions,total_completions,rbg_total,rbg_rtp,rbg_rsp,is_go8,Go8_Label,rbg_per_hdr_completion,is_covid_year
3006,Australian Catholic University,non-aligned,2024,42.0,7002.0,4358618,2700110.0,1658508.0,0,Rest of sector,103776.61904761905,0
2252,Avondale University ,non-aligned,2024,8.0,255.0,129209,95094.0,34115.0,0,Rest of sector,16151.125,0
2246,Batchelor Institute of Indigenous Tertiary Education,non-aligned,2024,4.0,0.0,455430,181933.0,273497.0,0,Rest of sector,113857.5,0
3003,Bond University ,non-aligned,2024,44.0,1715.0,3263146,2244753.0,1018393.0,0,Rest of sector,74162.40909090909,0
2200,Central Queensland University,RUN,2024,72.0,5503.0,7910457,4260945.0,3649512.0,0,Rest of sector,109867.45833333333,0
3001,Charles Darwin University,non-aligned,2024,53.0,3023.0,22706340,10170682.0,12535658.0,0,Rest of sector,428421.5094339623,0
3005,Charles Sturt University,RUN,2024,64.0,7472.0,8080441,4899349.0,3181092.0,0,Rest of sector,126256.890625,0
2236,Curtin University,ATN,2024,300.0,11834.0,54457752,30736270.0,23721482.0,0,Rest of sector,181525.84,0
3030,Deakin University,ATN,2024,370.0,14311.0,52735408,30037103.0,22698305.0,0,Rest of sector,142528.12972972973,0
2235,Edith Cowan University,non-aligned,2024,139.0,7801.0,11104956,7021835.0,4083121.0,0,Rest of sector,79891.76978417266,0
2154,Federation University Australia,RUN,2024,51.0,3219.0,4286482,2971820.0,1314662.0,0,Rest of sector,84048.66666666667,0
3029,Flinders University,IRU,2024,166.0,6951.0,38946131,19713567.0,19232564.0,0,Rest of sector,234615.2469879518,0
3032,Griffith University,IRU,2024,293.0,9980.0,46250775,28270010.0,17980765.0,0,Rest of sector,157852.47440273038,0
1019,James Cook University,IRU,2024,109.0,5312.0,21045757,12198540.0,8847217.0,0,Rest of sector,193080.3394495413,0
3020,La Trobe University,IRU,2024,230.0,9737.0,37585210,21227058.0,16358152.0,0,Rest of sector,163413.95652173914,0
3025,Macquarie University,non-aligned,2024,480.0,9827.0,51526657,32626464.0,18900193.0,0,Rest of sector,107347.20208333334,0
3035,Monash University,Go8,2024,894.0,23887.0,238965635,122798840.0,116166795.0,1,Go8,267299.3680089486,0
1034,Murdoch University,IRU,2024,146.0,5275.0,18840548,11561091.0,7279457.0,0,Rest of sector,129044.8493150685,0
3042,Queensland University of Technology,non-aligned,2024,405.0,11488.0,56855908,33921139.0,22934769.0,0,Rest of sector,140384.95802469135,0
3034,Royal Melbourne Institute of Technology,ATN,2024,423.0,18967.0,48981590,30396426.0,18585164.0,0,Rest of sector,115795.72104018912,0
3038,Southern Cross University,RUN,2024,50.0,4853.0,9071762,4997742.0,4074020.0,0,Rest of sector,181435.24,0
2177,Swinburne University of Technology,non-aligned,2024,276.0,9410.0,29979057,19342184.0,10636873.0,0,Rest of sector,108619.77173913043,0
3033,The Australian National University,Go8,2024,434.0,7059.0,125022054,58237230.0,66784824.0,1,Go8,288069.24884792627,0
3010,The University of Adelaide,Go8,2024,345.0,8038.0,102833586,53241854.0,49591732.0,1,Go8,298068.3652173913,0
3036,The University of Melbourne,Go8,2024,875.0,23195.0,243512096,117206808.0,126305288.0,1,Go8,278299.5382857143,0
3044,The University of Notre Dame Australia,non-aligned,2024,50.0,2075.0,2843803,2116002.0,727801.0,0,Rest of sector,56876.06,0
3019,The University of Queensland,Go8,2024,766.0,14426.0,181718120,96646012.0,85072108.0,1,Go8,237229.92167101827,0
3040,The University of Sydney,Go8,2024,850.0,22556.0,201525251,102046959.0,99478292.0,1,Go8,237088.5305882353,0
1055,The University of Western Australia,Go8,2024,333.0,6821.0,89181877,43932830.0,45249047.0,1,Go8,267813.44444444444,0
4449,Torrens University Australia,non-aligned,2024,18.0,5662.0,653160,387107.0,266053.0,0,Rest of sector,36286.666666666664,0
2241,University of Canberra,IRU,2024,62.0,4557.0,8326756,4673318.0,3653438.0,0,Rest of sector,134302.51612903227,0
4331,University of Divinity,non-aligned,2024,14.0,489.0,1170689,673016.0,497673.0,0,Rest of sector,83620.64285714286,0
3039,University of New England,RUN,2024,83.0,3481.0,18574466,10271411.0,8303055.0,0,Rest of sector,223788.7469879518,0
3013,University of New South Wales,Go8,2024,769.0,20821.0,204439251,105060012.0,99379239.0,1,Go8,265850.7815344603,0
3014,University of Newcastle,ATN,2024,231.0,7983.0,55282508,31145614.0,24136894.0,0,Rest of sector,239318.21645021645,0
3027,University of South Australia,ATN,2024,164.0,7763.0,33883655,17306833.0,16576822.0,0,Rest of sector,206607.6524390244,0
2201,University of Southern Queensland,RUN,2024,131.0,4378.0,16191389,10225314.0,5966075.0,0,Rest of sector,123598.3893129771,0
3045,University of Tasmania,non-aligned,2024,241.0,9898.0,51490241,27645641.0,23844600.0,0,Rest of sector,213652.45228215767,0
3016,University of Technology Sydney,ATN,2024,377.0,12318.0,47084992,30025624.0,17059368.0,0,Rest of sector,124893.87798408489,0
3043,University of the Sunshine Coast,RUN,2024,62.0,3457.0,11915364,6488994.0,5426370.0,0,Rest of sector,192183.29032258064,0
1058,University of Wollongong,non-aligned,2024,252.0,8216.0,40629758,25561863.0,15067895.0,0,Rest of sector,161229.1984126984,0
3007,Victoria University,non-aligned,2024,86.0,11241.0,11538694,6499964.0,5038730.0,0,Rest of sector,134170.86046511628,0
3004,Western Sydney University,IRU,2024,243.0,10936.0,25922427,16496385.0,9426042.0,0,Rest of sector,106676.65432098765,0
3006,Australian Catholic University,non-aligned,2023,41.0,7182.0,4356586,2876087.0,1480499.0,0,Rest of sector,106258.19512195123,0
2246,Batchelor Institute of Indigenous Tertiary Education,non-aligned,2023,2.0,3.0,349025,174602.0,174423.0,0,Rest of sector,174512.5,0
3003,Bond University ,non-aligned,2023,21.0,1754.0,2774328,1864695.0,909633.0,0,Rest of sector,132110.85714285713,0
2200,Central Queensland University,RUN,2023,52.0,3918.0,7423540,3840243.0,3583297.0,0,Rest of sector,142760.38461538462,0
3001,Charles Darwin University,non-aligned,2023,50.0,2929.0,19235065,8539898.0,10695167.0,0,Rest of sector,384701.3,0
3005,Charles Sturt University,RUN,2023,63.0,7331.0,7147484,4642645.0,2504839.0,0,Rest of sector,113452.12698412698,0
2236,Curtin University,ATN,2023,297.0,10255.0,50684099,29670302.0,21013797.0,0,Rest of sector,170653.53198653198,0
3030,Deakin University,ATN,2023,331.0,13284.0,42829550,23997700.0,18831850.0,0,Rest of sector,129394.41087613293,0
2235,Edith Cowan University,non-aligned,2023,140.0,6089.0,10281811,6580496.0,3701315.0,0,Rest of sector,73441.50714285714,0
2154,Federation University Australia,RUN,2023,44.0,3233.0,4157383,2974444.0,1182939.0,0,Rest of sector,94485.97727272728,0
3029,Flinders University,IRU,2023,143.0,5419.0,30849454,16850703.0,13998751.0,0,Rest of sector,215730.44755244756,0
3032,Griffith University,IRU,2023,345.0,9305.0,42175399,26006458.0,16168941.0,0,Rest of sector,122247.53333333334,0
1019,James Cook University,IRU,2023,119.0,4612.0,17631072,10432319.0,7198753.0,0,Rest of sector,148160.26890756303,0
3020,La Trobe University,IRU,2023,242.0,8075.0,33333108,17964869.0,15368239.0,0,Rest of sector,137740.11570247935,0
3025,Macquarie University,non-aligned,2023,515.0,8574.0,48530421,31331018.0,17199403.0,0,Rest of sector,94233.82718446602,0
3035,Monash University,Go8,2023,1023.0,23134.0,209259325,107450028.0,101809297.0,1,Go8,204554.5698924731,0
1034,Murdoch University,IRU,2023,135.0,4666.0,16082128,9700041.0,6382087.0,0,Rest of sector,119126.87407407408,0
3042,Queensland University of Technology,non-aligned,2023,380.0,10535.0,52786093,31692976.0,21093117.0,0,Rest of sector,138910.77105263158,0
3034,Royal Melbourne Institute of Technology,ATN,2023,435.0,17944.0,42474565,27264714.0,15209851.0,0,Rest of sector,97642.67816091955,0
3038,Southern Cross University,RUN,2023,53.0,4192.0,7138417,4129550.0,3008867.0,0,Rest of sector,134687.11320754717,0
2177,Swinburne University of Technology,non-aligned,2023,250.0,8491.0,25138998,15728868.0,9410130.0,0,Rest of sector,100555.992,0
3033,The Australian National University,Go8,2023,403.0,6371.0,111732293,52476862.0,59255431.0,1,Go8,277251.34739454096,0
3010,The University of Adelaide,Go8,2023,386.0,7377.0,98356628,50193228.0,48163400.0,1,Go8,254809.91709844558,0
3036,The University of Melbourne,Go8,2023,860.0,22194.0,234362937,114471132.0,119891805.0,1,Go8,272515.0430232558,0
3044,The University of Notre Dame Australia,non-aligned,2023,33.0,2401.0,2739981,2222326.0,517655.0,0,Rest of sector,83029.72727272728,0
3019,The University of Queensland,Go8,2023,797.0,13850.0,180611789,94870189.0,85741600.0,1,Go8,226614.5407779172,0
3040,The University of Sydney,Go8,2023,943.0,20718.0,192353810,95933704.0,96420106.0,1,Go8,203980.71049840935,0
1055,The University of Western Australia,Go8,2023,373.0,6427.0,85047271,42064772.0,42982499.0,1,Go8,228008.76943699733,0
4449,Torrens University Australia,non-aligned,2023,4.0,4702.0,436616,208714.0,227902.0,0,Rest of sector,109154.0,0
2241,University of Canberra,IRU,2023,84.0,3906.0,7351273,4001021.0,3350252.0,0,Rest of sector,87515.15476190476,0
4331,University of Divinity,non-aligned,2023,7.0,448.0,974077,513984.0,460093.0,0,Rest of sector,139153.85714285713,0
3039,University of New England,RUN,2023,90.0,3556.0,17907725,9929354.0,7978371.0,0,Rest of sector,198974.72222222222,0
3013,University of New South Wales,Go8,2023,801.0,18433.0,196013585,97780933.0,98232652.0,1,Go8,244711.09238451935,0
3014,University of Newcastle,ATN,2023,237.0,7475.0,54950636,30662349.0,24288287.0,0,Rest of sector,231859.22362869198,0
3027,University of South Australia,ATN,2023,173.0,7212.0,33186798,16956684.0,16230114.0,0,Rest of sector,191831.20231213872,0
2201,University of Southern Queensland,RUN,2023,136.0,3756.0,13162298,8665604.0,4496694.0,0,Rest of sector,96781.60294117648,0
3045,University of Tasmania,non-aligned,2023,243.0,9103.0,49478384,26684857.0,22793527.0,0,Rest of sector,203614.74897119342,0
3016,University of Technology Sydney,ATN,2023,364.0,10453.0,44449378,28541184.0,15908194.0,0,Rest of sector,122113.67582417582,0
3043,University of the Sunshine Coast,RUN,2023,71.0,3111.0,9990007,5545472.0,4444535.0,0,Rest of sector,140704.32394366196,0
1058,University of Wollongong,non-aligned,2023,242.0,7311.0,36702101,23545862.0,13156239.0,0,Rest of sector,151661.5743801653,0
3007,Victoria University,non-aligned,2023,85.0,10514.0,10369681,6635317.0,3734364.0,0,Rest of sector,121996.24705882353,0
3004,Western Sydney University,IRU,2023,277.0,9328.0,24291938,15943858.0,8348080.0,0,Rest of sector,87696.52707581228,0
3006,Australian Catholic University,non-aligned,2022,38.0,7423.0,4588489,3120749.0,1467740.0,0,Rest of sector,120749.71052631579,0
2246,Batchelor Institute of Indigenous Tertiary Education,non-aligned,2022,0.0,,343521,209801.0,133720.0,0,Rest of sector,,0
3003,Bond University ,non-aligned,2022,32.0,1545.0,2467455,1544813.0,922642.0,0,Rest of sector,77107.96875,0
2200,Central Queensland University,RUN,2022,59.0,4096.0,6875103,3688488.0,3186615.0,0,Rest of sector,116527.16949152542,0
3001,Charles Darwin University,non-aligned,2022,48.0,2314.0,18205976,8041855.0,10164121.0,0,Rest of sector,379291.1666666667,0
3005,Charles Sturt University,RUN,2022,63.0,8455.0,6653576,4489624.0,2163952.0,0,Rest of sector,105612.31746031746,0
2236,Curtin University,ATN,2022,303.0,10225.0,50218883,29273950.0,20944933.0,0,Rest of sector,165738.88778877887,0
3030,Deakin University,ATN,2022,318.0,13562.0,37132978,20839807.0,16293171.0,0,Rest of sector,116770.3710691824,0
2235,Edith Cowan University,non-aligned,2022,129.0,6398.0,9870049,6411545.0,3458504.0,0,Rest of sector,76512.00775193798,0
2154,Federation University Australia,RUN,2022,41.0,3071.0,3633062,2572241.0,1060821.0,0,Rest of sector,88611.26829268293,0
3029,Flinders University,IRU,2022,132.0,5876.0,27011611,15217026.0,11794585.0,0,Rest of sector,204633.41666666666,0
3032,Griffith University,IRU,2022,323.0,10331.0,41470890,25154439.0,16316451.0,0,Rest of sector,128392.84829721363,0
1019,James Cook University,IRU,2022,127.0,4807.0,18513891,11195924.0,7317967.0,0,Rest of sector,145778.6692913386,0
3020,La Trobe University,IRU,2022,281.0,8328.0,34441123,18453725.0,15987398.0,0,Rest of sector,122566.2740213523,0
3025,Macquarie University,non-aligned,2022,481.0,9048.0,47352472,30316330.0,17036142.0,0,Rest of sector,98445.88773388774,0
3035,Monash University,Go8,2022,958.0,24217.0,199664092,102424908.0,97239184.0,1,Go8,208417.63256784968,0
1034,Murdoch University,IRU,2022,150.0,4857.0,17329915,9827392.0,7502523.0,0,Rest of sector,115532.76666666666,0
3042,Queensland University of Technology,non-aligned,2022,414.0,11361.0,48384663,29068532.0,19316131.0,0,Rest of sector,116871.16666666667,0
3034,Royal Melbourne Institute of Technology,ATN,2022,384.0,18671.0,38172479,24817631.0,13354848.0,0,Rest of sector,99407.49739583333,0
3038,Southern Cross University,RUN,2022,45.0,4183.0,6153108,3326464.0,2826644.0,0,Rest of sector,136735.73333333334,0
2177,Swinburne University of Technology,non-aligned,2022,255.0,7616.0,22787199,14242555.0,8544644.0,0,Rest of sector,89361.56470588235,0
3033,The Australian National University,Go8,2022,361.0,6837.0,115213731,53648762.0,61564969.0,1,Go8,319151.6094182826,0
3010,The University of Adelaide,Go8,2022,439.0,7260.0,86963681,46169968.0,40793713.0,1,Go8,198094.94533029612,0
3036,The University of Melbourne,Go8,2022,734.0,21630.0,222931509,111813256.0,111118253.0,1,Go8,303721.4019073569,0
3044,The University of Notre Dame Australia,non-aligned,2022,42.0,2730.0,2183156,1702450.0,480706.0,0,Rest of sector,51979.90476190476,0
3019,The University of Queensland,Go8,2022,767.0,13930.0,191682874,100217285.0,91465589.0,1,Go8,249912.48239895698,0
3040,The University of Sydney,Go8,2022,817.0,21113.0,178391184,90173615.0,88217569.0,1,Go8,218349.0624235006,0
1055,The University of Western Australia,Go8,2022,349.0,6376.0,85334005,42513528.0,42820477.0,1,Go8,244510.0429799427,0
4449,Torrens University Australia,non-aligned,2022,12.0,5765.0,403109,193670.0,209439.0,0,Rest of sector,33592.416666666664,0
2241,University of Canberra,IRU,2022,53.0,3801.0,8442763,4366091.0,4076672.0,0,Rest of sector,159297.4150943396,0
4331,University of Divinity,non-aligned,2022,13.0,392.0,1105180,636254.0,468926.0,0,Rest of sector,85013.84615384616,0
3039,University of New England,RUN,2022,92.0,3650.0,17409091,9261262.0,8147829.0,0,Rest of sector,189229.25,0
3013,University of New South Wales,Go8,2022,787.0,17938.0,193565978,96402360.0,97163618.0,1,Go8,245954.22871664548,0
3014,University of Newcastle,ATN,2022,296.0,7746.0,51244345,27539140.0,23705205.0,0,Rest of sector,173122.78716216216,0
3027,University of South Australia,ATN,2022,156.0,7494.0,31891857,15858732.0,16033125.0,0,Rest of sector,204434.98076923078,0
2201,University of Southern Queensland,RUN,2022,137.0,3721.0,12246883,7807530.0,4439353.0,0,Rest of sector,89393.30656934307,0
3045,University of Tasmania,non-aligned,2022,239.0,12502.0,45790877,25859741.0,19931136.0,0,Rest of sector,191593.62761506275,0
3016,University of Technology Sydney,ATN,2022,350.0,11273.0,42575185,25973884.0,16601301.0,0,Rest of sector,121643.38571428572,0
3043,University of the Sunshine Coast,RUN,2022,62.0,2940.0,11382454,6211468.0,5170986.0,0,Rest of sector,183587.96774193548,0
1058,University of Wollongong,non-aligned,2022,254.0,7279.0,36898549,22728971.0,14169578.0,0,Rest of sector,145269.8779527559,0
3007,Victoria University,non-aligned,2022,101.0,5629.0,9550925,6504162.0,3046763.0,0,Rest of sector,94563.61386138614,0
3004,Western Sydney University,IRU,2022,194.0,11804.0,22321219,14151147.0,8170072.0,0,Rest of sector,115057.82989690722,0
3006,Australian Catholic University,non-aligned,2021,41.0,7243.0,8899357,3968872.0,4930485.0,0,Rest of sector,217057.48780487804,1
2246,Batchelor Institute of Indigenous Tertiary Education,non-aligned,2021,2.0,2.0,434940,139526.0,295414.0,0,Rest of sector,217470.0,1
3003,Bond University ,non-aligned,2021,33.0,1796.0,4468309,1846509.0,2621800.0,0,Rest of sector,135403.30303030304,1
2200,Central Queensland University,RUN,2021,42.0,5269.0,9528892,3679941.0,5848951.0,0,Rest of sector,226878.38095238095,1
3001,Charles Darwin University,non-aligned,2021,50.0,2350.0,29063333,7766524.0,21296809.0,0,Rest of sector,581266.66,1
3005,Charles Sturt University,RUN,2021,58.0,9526.0,12258055,5998381.0,6259674.0,0,Rest of sector,211345.77586206896,1
2236,Curtin University,ATN,2021,333.0,10076.0,72099626,27825644.0,44273982.0,0,Rest of sector,216515.3933933934,1
3030,Deakin University,ATN,2021,307.0,16286.0,52346968,20453826.0,31893142.0,0,Rest of sector,170511.2964169381,1
2235,Edith Cowan University,non-aligned,2021,100.0,7539.0,14078942,6679659.0,7399283.0,0,Rest of sector,140789.42,1
2154,Federation University Australia,RUN,2021,48.0,4244.0,4854025,2273755.0,2580270.0,0,Rest of sector,101125.52083333333,1
3029,Flinders University,IRU,2021,171.0,7217.0,38410268,15336016.0,23074252.0,0,Rest of sector,224621.45029239767,1
3032,Griffith University,IRU,2021,328.0,11141.0,60950311,25290058.0,35660253.0,0,Rest of sector,185824.11890243902,1
1019,James Cook University,IRU,2021,108.0,5163.0,34361812,13828630.0,20533182.0,0,Rest of sector,318164.9259259259,1
3020,La Trobe University,IRU,2021,221.0,9505.0,53682865,19474602.0,34208263.0,0,Rest of sector,242908.89140271494,1
3025,Macquarie University,non-aligned,2021,528.0,10121.0,65806094,30649639.0,35156455.0,0,Rest of sector,124632.75378787878,1
3035,Monash University,Go8,2021,870.0,25591.0,287039990,95438167.0,191601823.0,1,Go8,329931.0229885057,1
1034,Murdoch University,IRU,2021,116.0,5328.0,26863118,10246001.0,16617117.0,0,Rest of sector,231578.60344827586,1
3042,Queensland University of Technology,non-aligned,2021,443.0,12200.0,72857176,30830953.0,42026223.0,0,Rest of sector,164463.151241535,1
3034,Royal Melbourne Institute of Technology,ATN,2021,377.0,19190.0,47926774,22010716.0,25916058.0,0,Rest of sector,127126.72148541114,1
3038,Southern Cross University,RUN,2021,56.0,4117.0,10084191,4119561.0,5964630.0,0,Rest of sector,180074.8392857143,1
2177,Swinburne University of Technology,non-aligned,2021,216.0,8225.0,30220258,12706919.0,17513339.0,0,Rest of sector,139908.60185185185,1
3033,The Australian National University,Go8,2021,384.0,6768.0,197456056,59495907.0,137960149.0,1,Go8,514208.4791666667,1
3010,The University of Adelaide,Go8,2021,376.0,8065.0,128741305,46850222.0,81891083.0,1,Go8,342397.08776595746,1
3036,The University of Melbourne,Go8,2021,728.0,22097.0,321081671,106567611.0,214514060.0,1,Go8,441046.25137362635,1
3044,The University of Notre Dame Australia,non-aligned,2021,58.0,2261.0,2343962,1214150.0,1129812.0,0,Rest of sector,40413.137931034486,1
3019,The University of Queensland,Go8,2021,672.0,14952.0,287800613,97299757.0,190500856.0,1,Go8,428274.7217261905,1
3040,The University of Sydney,Go8,2021,824.0,22376.0,274510360,91933059.0,182577301.0,1,Go8,333143.640776699,1
1055,The University of Western Australia,Go8,2021,311.0,6510.0,132531355,46116371.0,86414984.0,1,Go8,426145.83601286175,1
4449,Torrens University Australia,non-aligned,2021,4.0,5890.0,550210,130751.0,419459.0,0,Rest of sector,137552.5,1
2241,University of Canberra,IRU,2021,61.0,3847.0,13307644,5118839.0,8188805.0,0,Rest of sector,218158.09836065574,1
4331,University of Divinity,non-aligned,2021,11.0,346.0,2007726,819980.0,1187746.0,0,Rest of sector,182520.54545454544,1
3039,University of New England,RUN,2021,115.0,3801.0,24723640,9083459.0,15640181.0,0,Rest of sector,214988.1739130435,1
3013,University of New South Wales,Go8,2021,775.0,17248.0,286305869,94094591.0,192211278.0,1,Go8,369426.9277419355,1
3014,University of Newcastle,ATN,2021,346.0,7483.0,74205922,25840587.0,48365335.0,0,Rest of sector,214467.98265895955,1
3027,University of South Australia,ATN,2021,171.0,7981.0,53827128,19005310.0,34821818.0,0,Rest of sector,314778.5263157895,1
2201,University of Southern Queensland,RUN,2021,135.0,4152.0,15462126,6030159.0,9431967.0,0,Rest of sector,114534.26666666666,1
3045,University of Tasmania,non-aligned,2021,224.0,11176.0,68293104,25397277.0,42895827.0,0,Rest of sector,304879.9285714286,1
3016,University of Technology Sydney,ATN,2021,385.0,8411.0,54204501,20195726.0,34008775.0,0,Rest of sector,140790.9116883117,1
3043,University of the Sunshine Coast,RUN,2021,68.0,3156.0,16348914,4597473.0,11751441.0,0,Rest of sector,240425.20588235295,1
1058,University of Wollongong,non-aligned,2021,289.0,8513.0,56192274,24183666.0,32008608.0,0,Rest of sector,194436.93425605536,1
3007,Victoria University,non-aligned,2021,113.0,8333.0,14689845,7385389.0,7304456.0,0,Rest of sector,129998.62831858407,1
3004,Western Sydney University,IRU,2021,287.0,8225.0,30061632,12467369.0,17594263.0,0,Rest of sector,104744.36236933798,1
3006,Australian Catholic University,non-aligned,2020,53.0,7243.0,7079808,3933890.0,3145918.0,0,Rest of sector,133581.28301886792,0
2246,Batchelor Institute of Indigenous Tertiary Education,non-aligned,2020,4.0,5.0,250300,122078.0,128222.0,0,Rest of sector,62575.0,0
3003,Bond University ,non-aligned,2020,20.0,1373.0,3626847,1879535.0,1747312.0,0,Rest of sector,181342.35,0
2200,Central Queensland University,RUN,2020,43.0,6075.0,6308179,3670417.0,2637762.0,0,Rest of sector,146701.83720930232,0
3001,Charles Darwin University,non-aligned,2020,44.0,2197.0,18298120,7646784.0,10651336.0,0,Rest of sector,415866.36363636365,0
3005,Charles Sturt University,RUN,2020,76.0,10377.0,9583963,6278059.0,3305904.0,0,Rest of sector,126104.77631578948,0
2236,Curtin University,ATN,2020,348.0,9787.0,48012801,27169347.0,20843454.0,0,Rest of sector,137967.81896551725,0
3030,Deakin University,ATN,2020,247.0,13693.0,34172636,19988998.0,14183638.0,0,Rest of sector,138350.75303643724,0
2235,Edith Cowan University,non-aligned,2020,114.0,6398.0,10594045,6747402.0,3846643.0,0,Rest of sector,92930.21929824562,0
2154,Federation University Australia,RUN,2020,54.0,4407.0,3647296,2196126.0,1451170.0,0,Rest of sector,67542.51851851853,0
3029,Flinders University,IRU,2020,170.0,4862.0,26350551,15105973.0,11244578.0,0,Rest of sector,155003.2411764706,0
3032,Griffith University,IRU,2020,331.0,10107.0,41427329,24663393.0,16763936.0,0,Rest of sector,125158.09365558912,0
1019,James Cook University,IRU,2020,113.0,4836.0,25580615,14143783.0,11436832.0,0,Rest of sector,226377.1238938053,0
3020,La Trobe University,IRU,2020,189.0,9229.0,35345404,18931954.0,16413450.0,0,Rest of sector,187012.71957671957,0
3025,Macquarie University,non-aligned,2020,455.0,9084.0,45431482,29620984.0,15810498.0,0,Rest of sector,99849.41098901098,0
3035,Monash University,Go8,2020,843.0,23891.0,176665786,91723989.0,84941797.0,1,Go8,209567.95492289442,0
1034,Murdoch University,IRU,2020,109.0,5140.0,17299284,9976344.0,7322940.0,0,Rest of sector,158709.0275229358,0
3042,Queensland University of Technology,non-aligned,2020,430.0,10943.0,52474025,30903416.0,21570609.0,0,Rest of sector,122032.61627906977,0
3034,Royal Melbourne Institute of Technology,ATN,2020,355.0,18647.0,33425353,21525865.0,11899488.0,0,Rest of sector,94155.92394366197,0
3038,Southern Cross University,RUN,2020,39.0,3024.0,7109163,4204354.0,2904809.0,0,Rest of sector,182286.23076923078,0
2177,Swinburne University of Technology,non-aligned,2020,169.0,8116.0,19131951,11849456.0,7282495.0,0,Rest of sector,113206.81065088758,0
3033,The Australian National University,Go8,2020,341.0,7280.0,126141524,59083721.0,67057803.0,1,Go8,369916.4926686217,0
3010,The University of Adelaide,Go8,2020,420.0,6957.0,86300278,46680414.0,39619864.0,1,Go8,205476.8523809524,0
3036,The University of Melbourne,Go8,2020,901.0,21078.0,210568602,103597249.0,106971353.0,1,Go8,233705.44062153163,0
3044,The University of Notre Dame Australia,non-aligned,2020,57.0,2714.0,1714856,1052269.0,662587.0,0,Rest of sector,30085.19298245614,0
3019,The University of Queensland,Go8,2020,809.0,13133.0,183472303,95936204.0,87536099.0,1,Go8,226789.0024721879,0
3040,The University of Sydney,Go8,2020,731.0,16765.0,178474984,93517054.0,84957930.0,1,Go8,244151.82489740083,0
1055,The University of Western Australia,Go8,2020,311.0,6267.0,88869768,46593725.0,42276043.0,1,Go8,285754.8810289389,0
4449,Torrens University Australia,non-aligned,2020,2.0,5137.0,293490,101887.0,191603.0,0,Rest of sector,146745.0,0
2241,University of Canberra,IRU,2020,42.0,3920.0,8704000,5022127.0,3681873.0,0,Rest of sector,207238.09523809524,0
4331,University of Divinity,non-aligned,2020,7.0,443.0,1481157,831669.0,649488.0,0,Rest of sector,211593.85714285713,0
3039,University of New England,RUN,2020,102.0,3652.0,16661531,9114384.0,7547147.0,0,Rest of sector,163348.3431372549,0
3013,University of New South Wales,Go8,2020,662.0,15491.0,177882098,91086046.0,86796052.0,1,Go8,268704.0755287009,0
3014,University of Newcastle,ATN,2020,297.0,7526.0,48341662,25194502.0,23147160.0,0,Rest of sector,162766.53872053872,0
3027,University of South Australia,ATN,2020,155.0,7392.0,36525751,19622443.0,16903308.0,0,Rest of sector,235650.0064516129,0
2201,University of Southern Queensland,RUN,2020,114.0,4193.0,9274403,5569228.0,3705175.0,0,Rest of sector,81354.41228070176,0
3045,University of Tasmania,non-aligned,2020,238.0,10043.0,46966924,25009391.0,21957533.0,0,Rest of sector,197340.01680672268,0
3016,University of Technology Sydney,ATN,2020,331.0,11960.0,33010743,18602644.0,14408099.0,0,Rest of sector,99730.3413897281,0
3043,University of the Sunshine Coast,RUN,2020,53.0,2952.0,8424341,3739106.0,4685235.0,0,Rest of sector,158949.83018867925,0
1058,University of Wollongong,non-aligned,2020,245.0,8271.0,39430195,23692889.0,15737306.0,0,Rest of sector,160939.57142857142,0
3007,Victoria University,non-aligned,2020,121.0,7657.0,11397507,7496506.0,3901001.0,0,Rest of sector,94194.27272727272,0
3004,Western Sydney University,IRU,2020,225.0,8597.0,19927886,11745665.0,8182221.0,0,Rest of sector,88568.38222222222,0
3006,Australian Catholic University,non-aligned,2019,60.0,8236.0,7109846,3856906.0,3252940.0,0,Rest of sector,118497.43333333333,0
2246,Batchelor Institute of Indigenous Tertiary Education,non-aligned,2019,2.0,2.0,259701,127117.0,132584.0,0,Rest of sector,129850.5,0
3003,Bond University ,non-aligned,2019,24.0,1898.0,3689163,1882409.0,1806754.0,0,Rest of sector,153715.125,0
2200,Central Queensland University,RUN,2019,48.0,5523.0,6048449,3600656.0,2447793.0,0,Rest of sector,126009.35416666667,0
3001,Charles Darwin University,non-aligned,2019,48.0,1824.0,18243149,7496422.0,10746727.0,0,Rest of sector,380065.6041666667,0
3005,Charles Sturt University,RUN,2019,71.0,9488.0,9775148,6356780.0,3418368.0,0,Rest of sector,137678.14084507042,0
2236,Curtin University,ATN,2019,325.0,9751.0,46653491,26300178.0,20353313.0,0,Rest of sector,143549.2030769231,0
3030,Deakin University,ATN,2019,265.0,13227.0,32777494,19751088.0,13026406.0,0,Rest of sector,123688.65660377359,0
2235,Edith Cowan University,non-aligned,2019,108.0,5747.0,10750619,6773116.0,3977503.0,0,Rest of sector,99542.76851851853,0
2154,Federation University Australia,RUN,2019,40.0,3418.0,3624742,2124204.0,1500538.0,0,Rest of sector,90618.55,0
3029,Flinders University,IRU,2019,181.0,6508.0,26798975,15171865.0,11627110.0,0,Rest of sector,148060.63535911602,0
3032,Griffith University,IRU,2019,357.0,10043.0,41096997,23905484.0,17191513.0,0,Rest of sector,115117.63865546219,0
1019,James Cook University,IRU,2019,130.0,4817.0,26103331,14277427.0,11825904.0,0,Rest of sector,200794.85384615386,0
3020,La Trobe University,IRU,2019,230.0,9022.0,34233061,18340530.0,15892531.0,0,Rest of sector,148839.3956521739,0
3025,Macquarie University,non-aligned,2019,561.0,9979.0,44258939,28464054.0,15794885.0,0,Rest of sector,78892.93939393939,0
3035,Monash University,Go8,2019,856.0,23758.0,169985480,88128795.0,81856685.0,1,Go8,198581.16822429906,0
1034,Murdoch University,IRU,2019,103.0,4651.0,17313547,9741486.0,7572061.0,0,Rest of sector,168092.68932038834,0
3042,Queensland University of Technology,non-aligned,2019,426.0,11935.0,52571879,30583173.0,21988706.0,0,Rest of sector,123408.16666666667,0
3034,Royal Melbourne Institute of Technology,ATN,2019,357.0,19413.0,33438797,21145932.0,12292865.0,0,Rest of sector,93666.09803921569,0
3038,Southern Cross University,RUN,2019,35.0,3554.0,7244773,4241145.0,3003628.0,0,Rest of sector,206993.51428571428,0
2177,Swinburne University of Technology,non-aligned,2019,190.0,7556.0,17874038,11273569.0,6600469.0,0,Rest of sector,94073.88421052632,0
3033,The Australian National University,Go8,2019,404.0,7721.0,123185967,57768490.0,65417477.0,1,Go8,304915.7599009901,0
3010,The University of Adelaide,Go8,2019,402.0,6724.0,85358197,46227219.0,39130978.0,1,Go8,212333.8233830846,0
3036,The University of Melbourne,Go8,2019,966.0,22390.0,204472821,99880895.0,104591926.0,1,Go8,211669.58695652173,0
3044,The University of Notre Dame Australia,non-aligned,2019,42.0,2272.0,1547370,862242.0,685128.0,0,Rest of sector,36842.142857142855,0
3019,The University of Queensland,Go8,2019,839.0,13865.0,182265946,95788078.0,86477868.0,1,Go8,217241.8903456496,0
3040,The University of Sydney,Go8,2019,856.0,17766.0,179952223,95918046.0,84034177.0,1,Go8,210224.55957943926,0
1055,The University of Western Australia,Go8,2019,325.0,6827.0,91119779,47405537.0,43714242.0,1,Go8,280368.55076923076,0
4449,Torrens University Australia,non-aligned,2019,2.0,2910.0,227845,69046.0,158799.0,0,Rest of sector,113922.5,0
2241,University of Canberra,IRU,2019,61.0,3643.0,8838702,5031575.0,3807127.0,0,Rest of sector,144896.75409836066,0
4331,University of Divinity,non-aligned,2019,20.0,631.0,1559767,888184.0,671583.0,0,Rest of sector,77988.35,0
3039,University of New England,RUN,2019,93.0,3854.0,16457931,9093954.0,7363977.0,0,Rest of sector,176967.0,0
3013,University of New South Wales,Go8,2019,832.0,16200.0,171497997,88663435.0,82834562.0,1,Go8,206127.40024038462,0
3014,University of Newcastle,ATN,2019,252.0,6657.0,47047392,24388898.0,22658494.0,0,Rest of sector,186696.0,0
3027,University of South Australia,ATN,2019,137.0,6986.0,35631691,19633827.0,15997864.0,0,Rest of sector,260085.33576642335,0
2201,University of Southern Queensland,RUN,2019,104.0,3681.0,8616962,5309944.0,3307018.0,0,Rest of sector,82855.40384615384,0
3045,University of Tasmania,non-aligned,2019,277.0,10126.0,47368888,24664377.0,22704511.0,0,Rest of sector,171006.81588447653,0
3016,University of Technology Sydney,ATN,2019,317.0,11964.0,30648528,17385148.0,13263380.0,0,Rest of sector,96683.05362776025,0
3043,University of the Sunshine Coast,RUN,2019,87.0,3080.0,7073516,3112889.0,3960627.0,0,Rest of sector,81304.7816091954,0
1058,University of Wollongong,non-aligned,2019,273.0,7746.0,37693648,22840259.0,14853389.0,0,Rest of sector,138071.9706959707,0
3007,Victoria University,non-aligned,2019,107.0,7039.0,11508114,7474404.0,4033710.0,0,Rest of sector,107552.46728971963,0
3004,Western Sydney University,IRU,2019,233.0,9512.0,19174253,11134979.0,8039274.0,0,Rest of sector,82292.9313304721,0
3006,Australian Catholic University,non-aligned,2018,80.0,7358.0,7194818,3770671.0,3424147.0,0,Rest of sector,89935.225,0
2246,Batchelor Institute of Indigenous Tertiary Education,non-aligned,2018,2.0,,287669,148107.0,139562.0,0,Rest of sector,143834.5,0
3003,Bond University ,non-aligned,2018,27.0,1728.0,3794841,1892995.0,1901846.0,0,Rest of sector,140549.66666666666,0
2200,Central Queensland University,RUN,2018,48.0,4275.0,5781826,3404329.0,2377497.0,0,Rest of sector,120454.70833333333,0
3001,Charles Darwin University,non-aligned,2018,33.0,1708.0,17166591,7267253.0,9899338.0,0,Rest of sector,520199.7272727273,0
3005,Charles Sturt University,RUN,2018,79.0,9534.0,9977098,6378816.0,3598282.0,0,Rest of sector,126292.37974683545,0
2236,Curtin University,ATN,2018,309.0,9451.0,45602889,25859194.0,19743695.0,0,Rest of sector,147582.16504854368,0
3030,Deakin University,ATN,2018,209.0,11973.0,31298257,19598296.0,11699961.0,0,Rest of sector,149752.42583732057,0
2235,Edith Cowan University,non-aligned,2018,114.0,5774.0,11292118,7105273.0,4186845.0,0,Rest of sector,99053.66666666667,0
2154,Federation University Australia,RUN,2018,44.0,2785.0,3749191,2169677.0,1579514.0,0,Rest of sector,85208.88636363637,0
3029,Flinders University,IRU,2018,183.0,5998.0,27847944,15608881.0,12239063.0,0,Rest of sector,152174.55737704918,0
3032,Griffith University,IRU,2018,330.0,10204.0,40451111,23169577.0,17281534.0,0,Rest of sector,122579.12424242424,0
1019,James Cook University,IRU,2018,108.0,4655.0,26876338,14428018.0,12448320.0,0,Rest of sector,248854.9814814815,0
3020,La Trobe University,IRU,2018,234.0,9087.0,33442256,18381832.0,15060424.0,0,Rest of sector,142915.62393162394,0
3025,Macquarie University,non-aligned,2018,556.0,10066.0,43897312,27882585.0,16014727.0,0,Rest of sector,78952.0,0
3035,Monash University,Go8,2018,882.0,21862.0,170346130,87173023.0,83173107.0,1,Go8,193136.20181405896,0
1034,Murdoch University,IRU,2018,115.0,4852.0,17819166,9848575.0,7970591.0,0,Rest of sector,154949.2695652174,0
3042,Queensland University of Technology,non-aligned,2018,437.0,11588.0,53587469,30990812.0,22596657.0,0,Rest of sector,122625.7871853547,0
3034,Royal Melbourne Institute of Technology,ATN,2018,296.0,18737.0,34204805,21264947.0,12939858.0,0,Rest of sector,115556.77364864865,0
3038,Southern Cross University,RUN,2018,46.0,3078.0,7517808,4356094.0,3161714.0,0,Rest of sector,163430.60869565216,0
2177,Swinburne University of Technology,non-aligned,2018,185.0,7465.0,18053570,11474972.0,6578598.0,0,Rest of sector,97586.86486486487,0
3033,The Australian National University,Go8,2018,393.0,7534.0,120240294,57139186.0,63101108.0,1,Go8,305954.9465648855,0
3010,The University of Adelaide,Go8,2018,400.0,7009.0,88054687,46864184.0,41190503.0,1,Go8,220136.7175,0
3036,The University of Melbourne,Go8,2018,1021.0,21388.0,197305438,98127748.0,99177690.0,1,Go8,193247.2458374143,0
3044,The University of Notre Dame Australia,non-aligned,2018,60.0,3075.0,1550538,829351.0,721187.0,0,Rest of sector,25842.3,0
3019,The University of Queensland,Go8,2018,648.0,12982.0,187021523,96436308.0,90585215.0,1,Go8,288613.4614197531,0
3040,The University of Sydney,Go8,2018,403.0,16549.0,185555796,97508015.0,88047781.0,1,Go8,460436.2183622829,0
1055,The University of Western Australia,Go8,2018,338.0,6814.0,94471933,48456942.0,46014991.0,1,Go8,279502.7603550296,0
4449,Torrens University Australia,non-aligned,2018,4.0,2826.0,110830,45776.0,65054.0,0,Rest of sector,27707.5,0
2241,University of Canberra,IRU,2018,74.0,3610.0,9148003,5140501.0,4007502.0,0,Rest of sector,123621.66216216216,0
4331,University of Divinity,non-aligned,2018,11.0,532.0,1575419,909458.0,665961.0,0,Rest of sector,143219.9090909091,0
3039,University of New England,RUN,2018,86.0,3630.0,16344368,9072274.0,7272094.0,0,Rest of sector,190050.7906976744,0
3013,University of New South Wales,Go8,2018,760.0,15244.0,169425334,89661819.0,79763515.0,1,Go8,222928.07105263157,0
3014,University of Newcastle,ATN,2018,266.0,6467.0,46241121,24081639.0,22159482.0,0,Rest of sector,173838.8007518797,0
3027,University of South Australia,ATN,2018,159.0,7180.0,35070473,19756278.0,15314195.0,0,Rest of sector,220569.01257861636,0
2201,University of Southern Queensland,RUN,2018,84.0,4003.0,8576565,5294434.0,3282131.0,0,Rest of sector,102101.96428571429,0
3045,University of Tasmania,non-aligned,2018,225.0,9751.0,48079915,24642801.0,23437114.0,0,Rest of sector,213688.51111111112,0
3016,University of Technology Sydney,ATN,2018,286.0,11337.0,29577152,17081143.0,12496009.0,0,Rest of sector,103416.61538461539,0
3043,University of the Sunshine Coast,RUN,2018,69.0,3035.0,5999194,2776828.0,3222366.0,0,Rest of sector,86944.84057971014,0
1058,University of Wollongong,non-aligned,2018,291.0,7695.0,36485039,22740798.0,13744241.0,0,Rest of sector,125378.14089347079,0
3007,Victoria University,non-aligned,2018,103.0,6676.0,11724598,7478587.0,4246011.0,0,Rest of sector,113831.04854368932,0
3004,Western Sydney University,IRU,2018,215.0,9001.0,18351729,10865765.0,7485964.0,0,Rest of sector,85356.87906976744,0
3006,Australian Catholic University,non-aligned,2017,46.0,5815.0,7083808,3540319.0,3543489.0,0,Rest of sector,153995.8260869565,0
2246,Batchelor Institute of Indigenous Tertiary Education,non-aligned,2017,2.0,2.0,329589,185163.0,144426.0,0,Rest of sector,164794.5,0
3003,Bond University ,non-aligned,2017,30.0,1835.0,3818892,1850761.0,1968131.0,0,Rest of sector,127296.4,0
2200,Central Queensland University,RUN,2017,55.0,3835.0,5805057,3344697.0,2460360.0,0,Rest of sector,105546.4909090909,0
3001,Charles Darwin University,non-aligned,2017,35.0,1658.0,16196990,6968693.0,9228297.0,0,Rest of sector,462771.14285714284,0
3005,Charles Sturt University,RUN,2017,92.0,8949.0,9891873,6168180.0,3723693.0,0,Rest of sector,107520.35869565218,0
2236,Curtin University,ATN,2017,343.0,10546.0,44098408,25318208.0,18780200.0,0,Rest of sector,128566.78717201167,0
3030,Deakin University,ATN,2017,223.0,9539.0,30310136,19018960.0,11291176.0,0,Rest of sector,135919.89237668162,0
2235,Edith Cowan University,non-aligned,2017,104.0,6068.0,11637219,7304450.0,4332769.0,0,Rest of sector,111896.33653846153,0
2154,Federation University Australia,RUN,2017,33.0,3221.0,3863999,2229434.0,1634565.0,0,Rest of sector,117090.87878787878,0
3029,Flinders University,IRU,2017,129.0,5914.0,28007339,15603441.0,12403898.0,0,Rest of sector,217111.1550387597,0
3032,Griffith University,IRU,2017,356.0,10682.0,38818471,22303418.0,16515053.0,0,Rest of sector,109040.64887640449,0
1019,James Cook University,IRU,2017,138.0,4607.0,27049729,14167548.0,12882181.0,0,Rest of sector,196012.52898550723,0
3020,La Trobe University,IRU,2017,221.0,8534.0,31745202,18188206.0,13556996.0,0,Rest of sector,143643.4479638009,0
3025,Macquarie University,non-aligned,2017,576.0,9310.0,41569920,26183178.0,15386742.0,0,Rest of sector,72170.0,0
3035,Monash University,Go8,2017,876.0,19662.0,165579081,84211508.0,81367573.0,1,Go8,189017.21575342465,0
1034,Murdoch University,IRU,2017,114.0,5305.0,18287694,10039304.0,8248390.0,0,Rest of sector,160418.36842105264,0
3042,Queensland University of Technology,non-aligned,2017,425.0,11942.0,52746006,30847741.0,21898265.0,0,Rest of sector,124108.2494117647,0
3034,Royal Melbourne Institute of Technology,ATN,2017,342.0,17799.0,34676492,21285641.0,13390851.0,0,Rest of sector,101393.2514619883,0
3038,Southern Cross University,RUN,2017,56.0,2837.0,7688850,4416941.0,3271909.0,0,Rest of sector,137300.89285714287,0
2177,Swinburne University of Technology,non-aligned,2017,142.0,6996.0,18444969,11637087.0,6807882.0,0,Rest of sector,129894.14788732394,0
3033,The Australian National University,Go8,2017,474.0,6835.0,115546110,55887941.0,59658169.0,1,Go8,243768.16455696203,0
3010,The University of Adelaide,Go8,2017,415.0,6937.0,89195340,46569225.0,42626115.0,1,Go8,214928.53012048194,0
3036,The University of Melbourne,Go8,2017,825.0,19986.0,191256995,95762452.0,95494543.0,1,Go8,231826.6606060606,0
3044,The University of Notre Dame Australia,non-aligned,2017,37.0,2656.0,1565690,819367.0,746323.0,0,Rest of sector,42315.94594594595,0
3019,The University of Queensland,Go8,2017,761.0,12580.0,184605997,94632784.0,89973213.0,1,Go8,242583.4388961892,0
3040,The University of Sydney,Go8,2017,891.0,15453.0,184626389,97465365.0,87161024.0,1,Go8,207212.55780022446,0
1055,The University of Western Australia,Go8,2017,357.0,6896.0,94929527,47829133.0,47100394.0,1,Go8,265909.03921568627,0
4449,Torrens University Australia,non-aligned,2017,4.0,929.0,50442,38872.0,11570.0,0,Rest of sector,12610.5,0
2241,University of Canberra,IRU,2017,66.0,3956.0,9292422,5145247.0,4147175.0,0,Rest of sector,140794.27272727274,0
4331,University of Divinity,non-aligned,2017,12.0,392.0,1514531,934113.0,580418.0,0,Rest of sector,126210.91666666667,0
3039,University of New England,RUN,2017,108.0,3639.0,16338615,8913576.0,7425039.0,0,Rest of sector,151283.47222222222,0
3013,University of New South Wales,Go8,2017,737.0,13010.0,169061785,90616087.0,78445698.0,1,Go8,229391.83853459972,0
3014,University of Newcastle,ATN,2017,248.0,7193.0,44439735,23386843.0,21052892.0,0,Rest of sector,179192.47983870967,0
3027,University of South Australia,ATN,2017,210.0,7378.0,35694872,19846932.0,15847940.0,0,Rest of sector,169975.58095238096,0
2201,University of Southern Queensland,RUN,2017,78.0,4096.0,8313305,5244951.0,3068354.0,0,Rest of sector,106580.83333333333,0
3045,University of Tasmania,non-aligned,2017,230.0,7945.0,46477084,24257491.0,22219593.0,0,Rest of sector,202074.27826086956,0
3016,University of Technology Sydney,ATN,2017,244.0,10652.0,28346525,16689029.0,11657496.0,0,Rest of sector,116174.28278688525,0
3043,University of the Sunshine Coast,RUN,2017,36.0,2419.0,5155268,2428891.0,2726377.0,0,Rest of sector,143201.88888888888,0
1058,University of Wollongong,non-aligned,2017,280.0,7063.0,36797735,22680303.0,14117432.0,0,Rest of sector,131420.48214285713,0
3007,Victoria University,non-aligned,2017,121.0,7007.0,11704499,7310502.0,4393997.0,0,Rest of sector,96731.39669421487,0
3004,Western Sydney University,IRU,2017,225.0,9163.0,18258370,10633202.0,7625168.0,0,Rest of sector,81148.3111111111,0
3006,Australian Catholic University,non-aligned,2016,65.0,6008.0,6935680,0.0,3468732.0,0,Rest of sector,106702.76923076923,0
3003,Bond University ,non-aligned,2016,39.0,1846.0,3851835,0.0,1926609.0,0,Rest of sector,98765.0,0
2200,Central Queensland University,RUN,2016,63.0,3889.0,5951472,0.0,2408454.0,0,Rest of sector,94467.80952380953,0
3001,Charles Darwin University,non-aligned,2016,41.0,1563.0,14558158,0.0,7902388.0,0,Rest of sector,355077.0243902439,0
3005,Charles Sturt University,RUN,2016,108.0,9393.0,9711613,0.0,3645134.0,0,Rest of sector,89922.3425925926,0
2236,Curtin University,ATN,2016,307.0,11157.0,41290539,0.0,16538140.0,0,Rest of sector,134496.8697068404,0
3030,Deakin University,ATN,2016,273.0,10458.0,29100993,0.0,11052965.0,0,Rest of sector,106597.04395604396,0
2235,Edith Cowan University,non-aligned,2016,90.0,5428.0,11481866,0.0,4241360.0,0,Rest of sector,127576.28888888888,0
2154,Federation University Australia,RUN,2016,26.0,3198.0,3994058,0.0,1600080.0,0,Rest of sector,153617.61538461538,0
3029,Flinders University,IRU,2016,185.0,6073.0,27669249,0.0,11920937.0,0,Rest of sector,149563.5081081081,0
3032,Griffith University,IRU,2016,354.0,10809.0,38068583,0.0,15741710.0,0,Rest of sector,107538.37005649718,0
1019,James Cook University,IRU,2016,144.0,4100.0,25086480,0.0,11418948.0,0,Rest of sector,174211.66666666666,0
3020,La Trobe University,IRU,2016,202.0,8875.0,29456891,0.0,11510981.0,0,Rest of sector,145826.19306930693,0
3025,Macquarie University,non-aligned,2016,538.0,8470.0,39545845,0.0,15062126.0,0,Rest of sector,73505.28810408922,0
3035,Monash University,Go8,2016,810.0,18023.0,155160168,0.0,74599725.0,1,Go8,191555.76296296297,0
1034,Murdoch University,IRU,2016,124.0,5565.0,18641169,0.0,8074373.0,0,Rest of sector,150332.00806451612,0
3042,Queensland University of Technology,non-aligned,2016,431.0,11543.0,50167105,0.0,19629158.0,0,Rest of sector,116396.99535962877,0
3034,Royal Melbourne Institute of Technology,ATN,2016,280.0,16731.0,33378279,0.0,12288157.0,0,Rest of sector,119208.1392857143,0
3038,Southern Cross University,RUN,2016,66.0,2471.0,7882839,0.0,3202881.0,0,Rest of sector,119436.95454545454,0
2177,Swinburne University of Technology,non-aligned,2016,132.0,6668.0,18390724,0.0,6664255.0,0,Rest of sector,139323.66666666666,0
3033,The Australian National University,Go8,2016,404.0,6021.0,105207986,0.0,50985347.0,1,Go8,260415.80693069307,0
3010,The University of Adelaide,Go8,2016,405.0,6941.0,87326232,0.0,41726828.0,1,Go8,215620.32592592592,0
3036,The University of Melbourne,Go8,2016,901.0,19285.0,185051844,0.0,90001835.0,1,Go8,205384.95449500554,0
3044,The University of Notre Dame Australia,non-aligned,2016,23.0,2605.0,1516024,0.0,730578.0,0,Rest of sector,65914.08695652174,0
3019,The University of Queensland,Go8,2016,822.0,12045.0,176655314,0.0,84804893.0,1,Go8,214909.1411192214,0
3040,The University of Sydney,Go8,2016,873.0,14211.0,180905301,0.0,83501214.0,1,Go8,207222.56701030929,0
1055,The University of Western Australia,Go8,2016,397.0,7299.0,91319416,0.0,43784634.0,1,Go8,230023.71788413098,0
2241,University of Canberra,IRU,2016,67.0,4022.0,9288863,0.0,4059682.0,0,Rest of sector,138639.74626865672,0
4331,University of Divinity,non-aligned,2016,20.0,446.0,1524294,0.0,471622.0,0,Rest of sector,76214.7,0
3039,University of New England,RUN,2016,122.0,3326.0,15777898,0.0,6867208.0,0,Rest of sector,129327.03278688525,0
3013,University of New South Wales,Go8,2016,630.0,12309.0,164081786,0.0,73405081.0,1,Go8,260447.27936507936,0
3014,University of Newcastle,ATN,2016,241.0,6985.0,41325807,0.0,18521770.0,0,Rest of sector,171476.377593361,0
3027,University of South Australia,ATN,2016,209.0,7339.0,34717915,0.0,14681239.0,0,Rest of sector,166114.42583732057,0
2201,University of Southern Queensland,RUN,2016,85.0,4472.0,8273227,0.0,2974588.0,0,Rest of sector,97332.08235294117,0
3045,University of Tasmania,non-aligned,2016,220.0,6925.0,43188276,0.0,19035741.0,0,Rest of sector,196310.34545454546,0
3016,University of Technology Sydney,ATN,2016,206.0,10126.0,27045701,0.0,10688454.0,0,Rest of sector,131289.81067961166,0
3043,University of the Sunshine Coast,RUN,2016,34.0,2048.0,4761828,0.0,2488112.0,0,Rest of sector,140053.76470588235,0
1058,University of Wollongong,non-aligned,2016,275.0,6970.0,36142266,0.0,13819595.0,0,Rest of sector,131426.4218181818,0
3007,Victoria University,non-aligned,2016,126.0,7387.0,11417455,0.0,4301296.0,0,Rest of sector,90614.72222222222,0
3004,Western Sydney University,IRU,2016,152.0,9190.0,18171176,0.0,7464299.0,0,Rest of sector,119547.21052631579,0
3006,Australian Catholic University,non-aligned,2015,48.0,6123.0,5677120,0.0,2353686.0,0,Rest of sector,118273.33333333333,0
3003,Bond University ,non-aligned,2015,25.0,1612.0,3339972,0.0,1526061.0,0,Rest of sector,133598.88,0
2200,Central Queensland University,RUN,2015,42.0,4015.0,5738541,0.0,2368583.0,0,Rest of sector,136631.92857142858,0
3001,Charles Darwin University,non-aligned,2015,34.0,1550.0,14376654,0.0,7839378.0,0,Rest of sector,422842.76470588235,0
3005,Charles Sturt University,RUN,2015,104.0,9263.0,9246530,0.0,3448626.0,0,Rest of sector,88908.94230769231,0
2236,Curtin University,ATN,2015,292.0,10922.0,39229674,0.0,15129797.0,0,Rest of sector,134348.198630137,0
3030,Deakin University,ATN,2015,252.0,10431.0,26835057,0.0,10184205.0,0,Rest of sector,106488.32142857143,0
2235,Edith Cowan University,non-aligned,2015,124.0,5494.0,10943604,0.0,4020628.0,0,Rest of sector,88254.87096774194,0
2154,Federation University Australia,RUN,2015,35.0,3830.0,3840217,0.0,1317397.0,0,Rest of sector,109720.4857142857,0
3029,Flinders University,IRU,2015,146.0,5502.0,27735339,0.0,11864220.0,0,Rest of sector,189968.07534246575,0
3032,Griffith University,IRU,2015,244.0,10591.0,37741170,0.0,15613716.0,0,Rest of sector,154676.9262295082,0
1019,James Cook University,IRU,2015,136.0,4449.0,22889792,0.0,9849673.0,0,Rest of sector,168307.29411764705,0
3020,La Trobe University,IRU,2015,205.0,8712.0,28423711,0.0,11262157.0,0,Rest of sector,138652.2487804878,0
3025,Macquarie University,non-aligned,2015,593.0,9344.0,35881820,0.0,13120484.0,0,Rest of sector,60508.971332209105,0
3035,Monash University,Go8,2015,861.0,16967.0,146892243,0.0,69277037.0,1,Go8,170606.55400696865,0
1034,Murdoch University,IRU,2015,111.0,5560.0,19278184,0.0,8137863.0,0,Rest of sector,173677.33333333334,0
3042,Queensland University of Technology,non-aligned,2015,424.0,11674.0,47609881,0.0,18151163.0,0,Rest of sector,112287.45518867925,0
3034,Royal Melbourne Institute of Technology,ATN,2015,278.0,16432.0,31255496,0.0,11321906.0,0,Rest of sector,112429.8417266187,0
3038,Southern Cross University,RUN,2015,59.0,2569.0,8188810,0.0,3299533.0,0,Rest of sector,138793.38983050847,0
2177,Swinburne University of Technology,non-aligned,2015,141.0,6917.0,17768077,0.0,6607516.0,0,Rest of sector,126014.7304964539,0
3033,The Australian National University,Go8,2015,397.0,6049.0,102188941,0.0,49211402.0,1,Go8,257402.87405541562,0
3010,The University of Adelaide,Go8,2015,401.0,6726.0,85629841,0.0,40473615.0,1,Go8,213540.7506234414,0
3036,The University of Melbourne,Go8,2015,765.0,18155.0,186764595,0.0,88801991.0,1,Go8,244136.72549019608,0
3044,The University of Notre Dame Australia,non-aligned,2015,26.0,2525.0,1215306,0.0,525193.0,0,Rest of sector,46742.53846153846,0
3019,The University of Queensland,Go8,2015,748.0,12079.0,171104108,0.0,82335843.0,1,Go8,228748.807486631,0
3040,The University of Sydney,Go8,2015,816.0,13653.0,180566039,0.0,83030194.0,1,Go8,221281.9105392157,0
1055,The University of Western Australia,Go8,2015,372.0,7389.0,93278682,0.0,45380890.0,1,Go8,250749.14516129033,0
2241,University of Canberra,IRU,2015,74.0,3929.0,8859691,0.0,3853654.0,0,Rest of sector,119725.55405405405,0
4331,University of Divinity,non-aligned,2015,7.0,401.0,1595617,0.0,446675.0,0,Rest of sector,227945.2857142857,0
3039,University of New England,RUN,2015,97.0,3567.0,15254732,0.0,6163846.0,0,Rest of sector,157265.27835051547,0
3013,University of New South Wales,Go8,2015,683.0,11968.0,162308527,0.0,72401480.0,1,Go8,237640.59590043925,0
3014,University of Newcastle,ATN,2015,245.0,7286.0,41093834,0.0,18915354.0,0,Rest of sector,167729.93469387756,0
3027,University of South Australia,ATN,2015,203.0,7452.0,32897095,0.0,13116818.0,0,Rest of sector,162054.6551724138,0
2201,University of Southern Queensland,RUN,2015,59.0,4599.0,7782177,0.0,2685859.0,0,Rest of sector,131901.30508474575,0
3045,University of Tasmania,non-aligned,2015,181.0,5994.0,42835164,0.0,18470929.0,0,Rest of sector,236658.36464088398,0
3016,University of Technology Sydney,ATN,2015,218.0,9671.0,26076110,0.0,10219083.0,0,Rest of sector,119615.18348623853,0
3043,University of the Sunshine Coast,RUN,2015,29.0,1991.0,4153243,0.0,2071072.0,0,Rest of sector,143215.27586206896,0
1058,University of Wollongong,non-aligned,2015,272.0,6687.0,34881509,0.0,13837606.0,0,Rest of sector,128240.8419117647,0
3007,Victoria University,non-aligned,2015,121.0,6781.0,11299717,0.0,4105166.0,0,Rest of sector,93386.09090909091,0
3004,Western Sydney University,IRU,2015,150.0,8971.0,17405056,0.0,7023708.0,0,Rest of sector,116033.70666666667,0
