RowKey,HEP_Code,Institution,Cohort,Year,g_rbg_total_pct,g_hdr_completions_next_year_pct
1019_2016,1019,James Cook University,IRU,2016,9.163800861219329,-4.255961441879563
1019_2017,1019,James Cook University,IRU,2017,7.534793116016303,-24.512245803298516
1019_2018,1019,James Cook University,IRU,2018,-0.6430715502961704,18.540322333136228
1019_2019,1019,James Cook University,IRU,2019,-2.9183340548648573,-14.014663174324138
1019_2020,1019,James Cook University,IRU,2020,-2.0228092624233085,16.205585933437128
1019_2022,1019,James Cook University,IRU,2022,-61.842451627365236,-6.506359334706158
1019_2023,1019,James Cook University,IRU,2023,-4.885851518468698,-8.777561088238617
1034_2016,1034,Murdoch University,IRU,2016,-3.3601571991550117,-8.40831172105414
1034_2017,1034,Murdoch University,IRU,2017,-1.9144147254237964,0.8733679968754515
1034_2018,1034,Murdoch University,IRU,2018,-2.595375502836106,-11.020314013361432
1034_2019,1034,Murdoch University,IRU,2019,-2.878536094742401,5.661889399950759
1034_2020,1034,Murdoch University,IRU,2020,-0.08241452892008283,25.704510298989103
1034_2022,1034,Murdoch University,IRU,2022,-43.83200688272133,-10.53605156578259
1034_2023,1034,Murdoch University,IRU,2023,-7.472560562276698,7.833184326990672
1055_2016,1055,The University of Western Australia,Go8,2016,-2.122816645281489,-10.620049890755201
1055_2017,1055,The University of Western Australia,Go8,2017,3.877136871555109,-5.468988629661986
1055_2018,1055,The University of Western Australia,Go8,2018,-0.4832010168637879,-3.9220713153281572
1055_2019,1055,The University of Western Australia,Go8,2019,-3.6127891331034334,-4.403227015050337
1055_2020,1055,The University of Western Australia,Go8,2020,-2.5002876570617616,11.527901002319307
1055_2022,1055,The University of Western Australia,Go8,2022,-44.024623206630054,6.650649744138892
1055_2023,1055,The University of Western Australia,Go8,2023,-0.33657955547958807,-11.343592966337201
1058_2016,1058,University of Wollongong,non-aligned,2016,3.5506123087564845,1.8018505502677584
1058_2017,1058,University of Wollongong,non-aligned,2017,1.7973310560407185,3.853366400224356
1058_2018,1058,University of Wollongong,non-aligned,2018,-0.8534008218180844,-6.385147198653307
1058_2019,1058,University of Wollongong,non-aligned,2019,3.2589306045146316,-10.821358464023234
1058_2020,1058,University of Wollongong,non-aligned,2020,4.504030115570146,-12.909242109389574
1058_2022,1058,University of Wollongong,non-aligned,2022,-42.06070463596063,-4.839654086184986
1058_2023,1058,University of Wollongong,non-aligned,2023,-0.533822640178272,4.049136135473663
2154_2016,2154,Federation University Australia,RUN,2016,3.9278881251208375,23.84110234449981
2154_2017,2154,Federation University Australia,RUN,2017,-3.3105099119790538,28.76820724517808
2154_2018,2154,Federation University Australia,RUN,2018,-3.01625741758631,-9.531017980432477
2154_2019,2154,Federation University Australia,RUN,2019,-3.37569700152347,30.01045924503383
2154_2020,2154,Federation University Australia,RUN,2020,0.6202957772465822,-15.76289442035832
2154_2022,2154,Federation University Australia,RUN,2022,-28.973243880327892,7.061756721395307
2154_2023,2154,Federation University Australia,RUN,2023,13.480997089745017,14.76359988060647
2177_2016,2177,Swinburne University of Technology,non-aligned,2016,3.444298684744851,7.3025135014890274
2177_2017,2177,Swinburne University of Technology,non-aligned,2017,0.2945243311273771,26.452876747706355
2177_2018,2177,Swinburne University of Technology,non-aligned,2018,-2.144820121921498,2.6668247082161756
2177_2019,2177,Swinburne University of Technology,non-aligned,2019,-0.9994180205740832,-11.712535723741269
2177_2020,2177,Swinburne University of Technology,non-aligned,2020,6.801049571068063,16.598513747426047
2177_2022,2177,Swinburne University of Technology,non-aligned,2022,-28.23135632792244,-1.9802627296179764
2177_2023,2177,Swinburne University of Technology,non-aligned,2023,9.822141464450596,9.893994785490356
2200_2016,2200,Central Queensland University,RUN,2016,3.643358708114164,-13.58015411590614
2200_2017,2200,Central Queensland University,RUN,2017,-2.490914969533975,-13.613217432458002
2200_2018,2200,Central Queensland University,RUN,2018,-0.40098844750460216,0.0
2200_2019,2200,Central Queensland University,RUN,2019,4.508232579156335,-11.000089521432876
2200_2020,2200,Central Queensland University,RUN,2020,4.204516982312256,33.98678256223513
2200_2022,2200,Central Queensland University,RUN,2022,-32.64218212201637,-12.629372532429217
2200_2023,2200,Central Queensland University,RUN,2023,7.6749407098736455,32.542240043462776
2201_2016,2201,University of Southern Queensland,RUN,2016,6.1188519388094775,-8.594242980072497
2201_2017,2201,University of Southern Queensland,RUN,2017,0.4832604910861349,7.410797215372167
2201_2018,2201,University of Southern Queensland,RUN,2018,3.117624028986299,21.357410029805912
2201_2019,2201,University of Southern Queensland,RUN,2019,0.4699102672269362,9.180754925312318
2201_2020,2201,University of Southern Queensland,RUN,2020,7.352565348458917,1.4706147389695445
2201_2022,2201,University of Southern Queensland,RUN,2022,-23.31220942420451,-0.7326040092072716
2201_2023,2201,University of Southern Queensland,RUN,2023,7.20850750801425,-3.745756253490118
2235_2016,2235,Edith Cowan University,non-aligned,2016,4.801374522165247,14.458122881110747
2235_2017,2235,Edith Cowan University,non-aligned,2017,1.3439574995523174,9.180754925312318
2235_2018,2235,Edith Cowan University,non-aligned,2018,-3.0103536019517207,-5.4067221270275745
2235_2019,2235,Edith Cowan University,non-aligned,2019,-4.914162590138815,5.4067221270275745
2235_2020,2235,Edith Cowan University,non-aligned,2020,-1.4671283510590882,25.464221837358014
2235_2022,2235,Edith Cowan University,non-aligned,2022,-35.51753878890658,8.183001824763192
2235_2023,2235,Edith Cowan University,non-aligned,2023,4.087159385448302,-0.7168489478612372
2236_2016,2236,Curtin University,ATN,2016,5.1199943600959585,11.088269957874264
2236_2017,2236,Curtin University,ATN,2017,6.579028820691235,-10.438917026819361
2236_2018,2236,Curtin University,ATN,2018,3.3547387748694035,5.048390543199144
2236_2019,2236,Curtin University,ATN,2019,2.277668858603832,6.8377297444737195
2236_2020,2236,Curtin University,ATN,2020,2.871990449042272,-9.440968447107512
2236_2022,2236,Curtin University,ATN,2022,-36.16577456900316,-2.0000666706669
2236_2023,2236,Curtin University,ATN,2023,0.922112086642457,1.0050335853501124
2241_2016,2241,University of Canberra,IRU,2016,4.730426750690242,-1.5037877364540542
2241_2017,2241,University of Canberra,IRU,2017,0.038307361880640656,11.4410351177745
2241_2018,2241,University of Canberra,IRU,2018,-1.5663625187006147,-19.319122903085884
2241_2019,2241,University of Canberra,IRU,2019,-3.4395570811605936,-37.32042458899429
2241_2020,2241,University of Canberra,IRU,2020,-1.5357343175821825,-14.058195062118939
2241_2022,2241,University of Canberra,IRU,2022,-45.50289822694946,46.05248852911914
2241_2023,2241,University of Canberra,IRU,2023,-13.843612919561465,-30.36824137982217
2246_2018,2246,Batchelor Institute of Indigenous Tertiary Education,non-aligned,2018,-13.603591006970817,0.0
2246_2019,2246,Batchelor Institute of Indigenous Tertiary Education,non-aligned,2019,-10.227954436415132,69.31471805599453
2246_2020,2246,Batchelor Institute of Indigenous Tertiary Education,non-aligned,2020,-3.6870770820403465,-69.31471805599453
2246_2022,2246,Batchelor Institute of Indigenous Tertiary Education,non-aligned,2022,-23.595984537594994,69.31471805599453
2246_2023,2246,Batchelor Institute of Indigenous Tertiary Education,non-aligned,2023,1.589530770981895,69.31471805599453
3001_2016,3001,Charles Darwin University,non-aligned,2016,1.254588284235325,-15.822400521489444
3001_2017,3001,Charles Darwin University,non-aligned,2017,10.66738987294471,-5.884050002293328
3001_2018,3001,Charles Darwin University,non-aligned,2018,5.813968871909125,37.46934494414109
3001_2019,3001,Charles Darwin University,non-aligned,2019,6.082450106415749,-8.701137698963013
3001_2020,3001,Charles Darwin University,non-aligned,2020,0.30087100405857825,-4.082199452025481
3001_2022,3001,Charles Darwin University,non-aligned,2022,-46.77274534669138,4.082199452025481
3001_2023,3001,Charles Darwin University,non-aligned,2023,5.498502361961499,5.8268908123976
3003_2016,3003,Bond University ,non-aligned,2016,14.258723440753762,-26.236426446749086
3003_2017,3003,Bond University ,non-aligned,2017,-0.8589329938331502,-10.536051565782634
3003_2018,3003,Bond University ,non-aligned,2018,-0.6317815452463904,-11.778303565638337
3003_2019,3003,Bond University ,non-aligned,2019,-2.8242909682184347,-18.23215567939549
3003_2020,3003,Bond University ,non-aligned,2020,-1.7035927266311646,-3.0771658666753687
3003_2022,3003,Bond University ,non-aligned,2022,-59.38227821986448,-42.12134650763035
3003_2023,3003,Bond University ,non-aligned,2023,11.72213006331102,73.9667196194838
3004_2016,3004,Western Sydney University,IRU,2016,4.307586365857219,39.22198813581437
3004_2017,3004,Western Sydney University,IRU,2017,0.478700264378773,-4.546237407675768
3004_2018,3004,Western Sydney University,IRU,2018,0.5100188468240674,8.040042543803771
3004_2019,3004,Western Sydney University,IRU,2019,4.384459602417934,-3.493805136128003
3004_2020,3004,Western Sydney University,IRU,2020,3.85516678301272,-39.16240566962932
3004_2022,3004,Western Sydney University,IRU,2022,-29.771192355114806,35.61593471240103
3004_2023,3004,Western Sydney University,IRU,2023,8.460677503436287,-13.095606284679029
3005_2016,3005,Charles Sturt University,RUN,2016,4.907403990359072,-16.034265007517945
3005_2017,3005,Charles Sturt University,RUN,2017,1.8391125007248377,-15.234072458201897
3005_2018,3005,Charles Sturt University,RUN,2018,0.8578755555838313,-10.676797542570604
3005_2019,3005,Charles Sturt University,RUN,2019,-2.0449020053316502,6.80534632450156
3005_2020,3005,Charles Sturt University,RUN,2020,-1.97520656571335,8.269171584511348
3005_2022,3005,Charles Sturt University,RUN,2022,-61.102881742321635,0.0
3005_2023,3005,Charles Sturt University,RUN,2023,7.160595217090027,1.5748356968138921
3006_2016,3006,Australian Catholic University,non-aligned,2016,20.023504042229234,-34.574587340654176
3006_2017,3006,Australian Catholic University,non-aligned,2017,2.1132513909394746,55.33852381847861
3006_2018,3006,Australian Catholic University,non-aligned,2018,1.5549428453576652,-28.76820724517808
3006_2019,3006,Australian Catholic University,non-aligned,2019,-1.1880460729152276,-12.405264866997845
3006_2020,3006,Australian Catholic University,non-aligned,2020,-0.42337952524142963,-7.598590697792229
3006_2022,3006,Australian Catholic University,non-aligned,2022,-66.24282509606641,7.598590697792229
3006_2023,3006,Australian Catholic University,non-aligned,2023,-5.186205286463519,2.409755157906046
3007_2016,3007,Victoria University,non-aligned,2016,1.0365643594202112,-4.049136135473663
3007_2017,3007,Victoria University,non-aligned,2017,2.482997305446233,-16.106155736710548
3007_2018,3007,Victoria University,non-aligned,2018,0.17157302247277073,3.809984623226992
3007_2019,3007,Victoria University,non-aligned,2019,-1.86366762378114,12.296171113483556
3007_2020,3007,Victoria University,non-aligned,2020,-0.965770451743353,-11.226730187108114
3007_2022,3007,Victoria University,non-aligned,2022,-43.05184302937235,-17.2469260350943
3007_2023,3007,Victoria University,non-aligned,2023,8.224825151447135,1.1696039763190669
3010_2016,3010,The University of Adelaide,Go8,2016,1.961706659931295,2.4391453124159135
3010_2017,3010,The University of Adelaide,Go8,2017,2.1177897259018863,-3.681397312271617
3010_2018,3010,The University of Adelaide,Go8,2018,-1.2870731424655446,0.4987541511039417
3010_2019,3010,The University of Adelaide,Go8,2019,-3.110158017928555,4.380262265839274
3010_2020,3010,The University of Adelaide,Go8,2020,1.0976334940281163,15.491026968527688
3010_2022,3010,The University of Adelaide,Go8,2022,-39.231443155886225,-12.86620436103405
3010_2023,3010,The University of Adelaide,Go8,2023,12.310936280791651,-11.229295243347082
3013_2016,3013,University of New South Wales,Go8,2016,1.0865986989681886,15.686807280375792
3013_2017,3013,University of New South Wales,Go8,2017,2.989924118762133,3.0730541091040564
3013_2018,3013,University of New South Wales,Go8,2018,0.21480825673165782,9.051400754083172
3013_2019,3013,University of New South Wales,Go8,2019,1.2159264843500495,-22.85668848842004
3013_2020,3013,University of New South Wales,Go8,2020,3.654937280362347,1.5365219064055857
3013_2022,3013,University of New South Wales,Go8,2022,-39.14422854415669,1.7632698650956513
3013_2023,3013,University of New South Wales,Go8,2023,1.2565542124630014,-4.076997756271528
3014_2016,3014,University of Newcastle,ATN,2016,0.5629085730575412,2.8631812674327684
3014_2017,3014,University of Newcastle,ATN,2017,7.264683001025318,7.006756261671665
3014_2018,3014,University of Newcastle,ATN,2018,3.9735465492508837,-5.4067221270275745
3014_2019,3014,University of Newcastle,ATN,2019,1.7285966952020004,16.430305129127643
3014_2020,3014,University of Newcastle,ATN,2020,2.7138322047065344,-15.60793207336646
3014_2022,3014,University of Newcastle,ATN,2022,-37.02386878422992,-22.22993131889286
3014_2023,3014,University of Newcastle,ATN,2023,6.982998447394095,-2.5642430613338263
3016_2016,3016,University of Technology Sydney,ATN,2016,3.6508495259027995,16.92920565036209
3016_2017,3016,University of Technology Sydney,ATN,2017,4.697638295409234,15.882358552665021
3016_2018,3016,University of Technology Sydney,ATN,2018,4.249772367125715,10.290996305742794
3016_2019,3016,University of Technology Sydney,ATN,2019,3.5582463751602234,4.321660149978257
3016_2020,3016,University of Technology Sydney,ATN,2020,7.42484188148147,-9.531017980432566
3016_2022,3016,University of Technology Sydney,ATN,2022,-24.149237746569696,3.9220713153281572
3016_2023,3016,University of Technology Sydney,ATN,2023,4.307939679880235,3.509131981127034
3019_2016,3019,The University of Queensland,Go8,2016,3.1928265474725492,-7.710703719449352
3019_2017,3019,The University of Queensland,Go8,2017,4.402335256237322,-16.074266150941163
3019_2018,3019,The University of Queensland,Go8,2018,1.299989848991956,25.832001011493144
3019_2019,3019,The University of Queensland,Go8,2019,-2.5756844228016718,-3.641178940871459
3019_2020,3019,The University of Queensland,Go8,2020,0.6596856512551597,13.222846084410644
3019_2022,3019,The University of Queensland,Go8,2022,-40.64256158481072,3.836787742295922
3019_2023,3019,The University of Queensland,Go8,2023,-5.94923928468738,-3.967250904962416
3020_2016,3020,La Trobe University,IRU,2016,3.570418133656972,8.989500411654738
3020_2017,3020,La Trobe University,IRU,2017,7.481372326947877,5.715841383994924
3020_2018,3020,La Trobe University,IRU,2018,5.207865424675973,-1.7241806434506124
3020_2019,3020,La Trobe University,IRU,2019,2.3371622969680317,-19.6332293863553
3020_2020,3020,La Trobe University,IRU,2020,3.1976496720325542,24.019196781599295
3020_2022,3020,La Trobe University,IRU,2022,-44.384257661115,-14.941694317705867
3020_2023,3020,La Trobe University,IRU,2023,-3.270014916400399,-5.085841723349116
3025_2016,3025,Macquarie University,non-aligned,2016,9.72298712629609,6.824910053410704
3025_2017,3025,Macquarie University,non-aligned,2017,4.991619699314853,-3.5339366445309217
3025_2018,3025,Macquarie University,non-aligned,2018,5.447625934021616,0.8952611272113664
3025_2019,3025,Macquarie University,non-aligned,2019,0.8204274213685636,-20.94234865717457
3025_2020,3025,Macquarie University,non-aligned,2020,2.614793850307251,-9.322901360050029
3025_2022,3025,Macquarie University,non-aligned,2022,-32.90934227858955,6.829963055797528
3025_2023,3025,Macquarie University,non-aligned,2023,2.4571813187129976,-7.038079676179976
3027_2016,3027,University of South Australia,ATN,2016,5.387148014514764,0.47732787526575393
3027_2017,3027,University of South Australia,ATN,2017,2.7751200865939296,-27.820332849723695
3027_2018,3027,University of South Australia,ATN,2018,-1.7647485639361804,-14.892327639210645
3027_2019,3027,University of South Australia,ATN,2019,1.5875887124941812,12.34441910911217
3027_2020,3027,University of South Australia,ATN,2020,2.4782080187627287,-9.180754925312318
3027_2022,3027,University of South Australia,ATN,2022,-52.34268672536437,10.34355872482422
3027_2023,3027,University of South Australia,ATN,2023,3.98014354889753,-5.342516667358055
3029_2016,3029,Flinders University,IRU,2016,-0.2385724133418421,-36.054342071665246
3029_2017,3029,Flinders University,IRU,2017,1.2144930851757607,34.96737484797494
3029_2018,3029,Flinders University,IRU,2018,-0.5707443383272448,-1.0989121575595284
3029_2019,3029,Flinders University,IRU,2019,-3.839549907396389,-6.269859421556401
3029_2020,3029,Flinders University,IRU,2020,-1.6874454932064964,-25.88616339162897
3029_2022,3029,Flinders University,IRU,2022,-35.20580090811798,8.004270767353638
3029_2023,3029,Flinders University,IRU,2023,13.285224105150562,14.91431580966367
3030_2016,3030,Deakin University,ATN,2016,8.106316758837906,-20.23000237248409
3030_2017,3030,Deakin University,ATN,2017,4.0709880721056635,-6.483751949530792
3030_2018,3030,Deakin University,ATN,2018,3.2080231066931475,23.73955740214111
3030_2019,3030,Deakin University,ATN,2019,4.617971224443096,-7.034148935824458
3030_2020,3030,Deakin University,ATN,2020,4.168308550607236,3.5203635192980087
3030_2022,3030,Deakin University,ATN,2022,-34.33885481196839,4.006699259688595
3030_2023,3030,Deakin University,ATN,2023,14.272281525886754,11.138463026120693
3032_2016,3032,Griffith University,IRU,2016,0.863780774314904,0.5633817718256218
3032_2017,3032,Griffith University,IRU,2017,1.9506841258380092,-7.583807639150475
3032_2018,3032,Griffith University,IRU,2018,4.119791908351544,7.864312731911305
3032_2019,3032,Griffith University,IRU,2019,1.5840944004594348,-7.561740640257586
3032_2020,3032,Griffith University,IRU,2020,0.8005730681006185,-1.5361285161487714
3032_2022,3032,Griffith University,IRU,2022,-38.506722313200825,6.5892093808703756
3032_2023,3032,Griffith University,IRU,2023,1.684535364287143,-16.337180801429252
3033_2016,3033,The Australian National University,Go8,2016,2.9115747448727802,15.979244373392643
3033_2017,3033,The Australian National University,Go8,2017,9.373046110373195,-18.73977098258157
3033_2018,3033,The Australian National University,Go8,2018,3.982251947785187,2.760526609188929
3033_2019,3033,The Australian National University,Go8,2019,2.4202949839551735,-16.953240067763353
3033_2020,3033,The Australian National University,Go8,2020,2.370934258531676,-6.176459425484637
3033_2022,3033,The Australian National University,Go8,2022,-53.87271244510359,11.005860361380204
3033_2023,3033,The Australian National University,Go8,2023,-3.06831648299557,7.410797215372256
3034_2016,3034,Royal Melbourne Institute of Technology,ATN,2016,6.571012636674212,20.002113389335552
3034_2017,3034,Royal Melbourne Institute of Technology,ATN,2017,3.8156634307966897,-14.445128273854468
3034_2018,3034,Royal Melbourne Institute of Technology,ATN,2018,-1.369586211766105,18.737632745557864
3034_2019,3034,Royal Melbourne Institute of Technology,ATN,2019,-2.264931858678665,-0.5617992304222774
3034_2020,3034,Royal Melbourne Institute of Technology,ATN,2020,-0.04021287993971612,1.8397365139716015
3034_2022,3034,Royal Melbourne Institute of Technology,ATN,2022,-22.75594934766083,12.470347850095731
3034_2023,3034,Royal Melbourne Institute of Technology,ATN,2023,10.679061524601252,-2.7973852042406655
3035_2016,3035,Monash University,Go8,2016,5.475864816785148,7.833184326990761
3035_2017,3035,Monash University,Go8,2017,6.499098618356669,0.6825965070399675
3035_2018,3035,Monash University,Go8,2018,2.838351440721709,-2.9921679865049455
3035_2019,3035,Monash University,Go8,2019,-0.21194042774901334,-1.530341813988656
3035_2020,3035,Monash University,Go8,2020,3.854671132221199,9.635456632223072
3035_2022,3035,Monash University,Go8,2022,-36.29851294925892,6.564698798076574
3035_2023,3035,Monash University,Go8,2023,4.6937857755906975,-13.478899077811235
3036_2016,3036,The University of Melbourne,Go8,2016,-0.921294991273669,-8.81218712736569
3036_2017,3036,The University of Melbourne,Go8,2017,3.2982023544313677,21.31544318299845
3036_2018,3036,The University of Melbourne,Go8,2018,3.1134927535742207,-5.537398395214765
3036_2019,3036,The University of Melbourne,Go8,2019,3.5682087267844054,-6.965857660417996
3036_2020,3036,The University of Melbourne,Go8,2020,2.937643826124159,0.8207980417829219
3036_2022,3036,The University of Melbourne,Go8,2022,-36.48309278047819,15.842336063303808
3036_2023,3036,The University of Melbourne,Go8,2023,5.000633684460709,1.7291497110060838
3038_2016,3038,Southern Cross University,RUN,2016,-3.808046999009207,-16.430305129127554
3038_2017,3038,Southern Cross University,RUN,2017,-2.4916890701497607,-19.671029424605457
3038_2018,3038,Southern Cross University,RUN,2018,-2.249662136238051,-27.329333499968158
3038_2019,3038,Southern Cross University,RUN,2019,-3.6994362780045975,10.821358464023279
3038_2020,3038,Southern Cross University,RUN,2020,-1.8895727962279452,-21.868920096483002
3038_2022,3038,Southern Cross University,RUN,2022,-49.40116300249979,16.362942378180236
3038_2023,3038,Southern Cross University,RUN,2023,14.853372306924761,-5.8268908123976
3039_2016,3039,University of New England,RUN,2016,3.3720349950495887,-12.188981760903683
3039_2017,3039,University of New England,RUN,2017,3.492122456318114,-22.778393087071258
3039_2018,3039,University of New England,RUN,2018,0.035204865231719396,7.825219689974894
3039_2019,3039,University of New England,RUN,2019,0.6924115514937768,9.23733201310144
3039_2020,3039,University of New England,RUN,2020,1.229504059039499,-22.31435513142097
3039_2022,3039,University of New England,RUN,2022,-35.076732989606896,-2.197890671877545
3039_2023,3039,University of New England,RUN,2023,2.8239642951191968,-8.096906253366676
3040_2016,3040,The University of Sydney,Go8,2016,0.18771175585747812,2.040887163120697
3040_2017,3040,The University of Sydney,Go8,2017,2.036056872690395,-79.34078655241264
3040_2018,3040,The University of Sydney,Go8,2018,0.5021359700723593,75.33338141950594
3040_2019,3040,The University of Sydney,Go8,2019,-3.0664236001879175,-15.785691639196386
3040_2020,3040,The University of Sydney,Go8,2020,-0.8242942140135767,-0.8531435049468961
3040_2022,3040,The University of Sydney,Go8,2022,-43.10101997008147,14.342718777345453
3040_2023,3040,The University of Sydney,Go8,2023,7.535763475996404,-10.382993314909506
3042_2016,3042,Queensland University of Technology,non-aligned,2016,5.231920929577072,-1.4018921179330235
3042_2017,3042,Queensland University of Technology,non-aligned,2017,5.012852082561636,2.7844026171172764
3042_2018,3042,Queensland University of Technology,non-aligned,2018,1.5827199581018192,-2.549384882621908
3042_2019,3042,Queensland University of Technology,non-aligned,2019,-1.9133896419113228,0.9345862418236983
3042_2020,3042,Queensland University of Technology,non-aligned,2020,-0.18630717539380726,-6.770379621982148
3042_2022,3042,Queensland University of Technology,non-aligned,2022,-40.93181482247488,-8.569472110488263
3042_2023,3042,Queensland University of Technology,non-aligned,2023,8.706488252725464,6.371581438610718
3043_2016,3043,University of the Sunshine Coast,RUN,2016,13.674215327878336,5.715841383994835
3043_2017,3043,University of the Sunshine Coast,RUN,2017,7.938747634365129,65.05875661411497
3043_2018,3043,University of the Sunshine Coast,RUN,2018,15.160602239280152,23.180161405732402
3043_2019,3043,University of the Sunshine Coast,RUN,2019,16.473254200676912,-49.56162051024617
3043_2020,3043,University of the Sunshine Coast,RUN,2020,17.47675847165837,-9.237332013101529
3043_2022,3043,University of the Sunshine Coast,RUN,2022,-36.208842619169346,13.554549199622379
3043_2023,3043,University of the Sunshine Coast,RUN,2023,-13.048775356626052,-13.554549199622379
3044_2016,3044,The University of Notre Dame Australia,non-aligned,2016,22.109522129442283,47.542369671507466
3044_2017,3044,The University of Notre Dame Australia,non-aligned,2017,3.2235503165923163,48.342664957787605
3044_2018,3044,The University of Notre Dame Australia,non-aligned,2018,-0.9724653914156889,-35.6674943938732
3044_2019,3044,The University of Notre Dame Australia,non-aligned,2019,-0.20452518953604226,30.538164955118184
3044_2020,3044,The University of Notre Dame Australia,non-aligned,2020,10.277239649222913,-32.27733922630507
3044_2022,3044,The University of Notre Dame Australia,non-aligned,2022,-7.107112367289048,-24.116205681688818
3044_2023,3044,The University of Notre Dame Australia,non-aligned,2023,22.71794497629962,41.55154439616658
3045_2016,3045,University of Tasmania,non-aligned,2016,0.8209715475071988,4.445176257083361
3045_2017,3045,University of Tasmania,non-aligned,2017,7.339030438615168,-2.197890671877545
3045_2018,3045,University of Tasmania,non-aligned,2018,3.3905148423833964,20.79171039829184
3045_2019,3045,University of Tasmania,non-aligned,2019,-1.4898880451472252,-15.174683251586352
3045_2020,3045,University of Tasmania,non-aligned,2020,-0.8522032602382268,6.481750007647147
3045_2022,3045,University of Tasmania,non-aligned,2022,-39.97239160152546,1.6597891409037224
3045_2023,3045,University of Tasmania,non-aligned,2023,7.745100819147055,-0.8264509849893464
4331_2016,4331,University of Divinity,non-aligned,2016,-4.572914324679367,-51.08256237659905
4331_2017,4331,University of Divinity,non-aligned,2017,-0.642553196763096,-8.701137698962969
4331_2018,4331,University of Divinity,non-aligned,2018,3.9415448566202826,59.78370007556202
4331_2019,4331,University of Divinity,non-aligned,2019,-0.9984817511535127,-104.98221244986776
4331_2020,4331,University of Divinity,non-aligned,2020,-5.171291201179429,16.705408466316605
4331_2022,4331,University of Divinity,non-aligned,2022,-59.699452070428016,-61.90392084062235
4331_2023,4331,University of Divinity,non-aligned,2023,-12.62731406540567,69.31471805599452
4449_2018,4449,Torrens University Australia,non-aligned,2018,78.71733344063472,-69.31471805599453
4449_2019,4449,Torrens University Australia,non-aligned,2019,72.06680774199742,0.0
4449_2020,4449,Torrens University Australia,non-aligned,2020,25.31779939299099,109.86122886681098
4449_2022,4449,Torrens University Australia,non-aligned,2022,-31.109302669443117,-109.86122886681098
4449_2023,4449,Torrens University Australia,non-aligned,2023,7.984709342078133,150.4077396776274
